work_id,combined_anomaly_score,ensemble_risk_level,rule_risk_score,rule_risk_level,risk_factors_x,recommended_actions_x,financial_risk_score_x,financial_risk_level_x,financial_risk_factors_x,statistical_anomaly_score_x,statistical_anomaly_level_x,statistical_anomaly_factors_x,ml_normalized_score,final_ai_risk_score,final_ai_risk_level,active_risk_engines,final_ai_risk_factors,risk_detection_confidence,financial_risk_score_y,financial_risk_level_y,financial_risk_factors_y,statistical_anomaly_score_y,statistical_anomaly_level_y,statistical_anomaly_factors_y,risk_factors_y,recommended_actions_y,grounded_llm_investigation_report
WS/MP459/2025-2026/149089,0.6000000000000086,HIGH,20.0,MEDIUM,['Very high combined anomaly score detected.'],['Review financial records and project transactions.'],20,MEDIUM,['Project expenditure is among the highest 1%'],65,CRITICAL,"['Project expenditure is among the highest 0.5%', 'Extremely high number of payment transactions', 'Extremely high payment concentration per vendor', 'Multiple independent statistical anomalies detected']",100.0,57.0,HIGH,4,"['Machine learning anomaly models detected unusual project behavior', 'Rule-based risk indicators were detected', 'Financial risk indicators were detected', 'Statistical financial anomalies were detected', 'Multiple independent AI risk engines detected suspicious patterns']",VERY HIGH,20,MEDIUM,['Project expenditure is among the highest 1%'],65,CRITICAL,"['Project expenditure is among the highest 0.5%', 'Extremely high number of payment transactions', 'Extremely high payment concentration per vendor', 'Multiple independent statistical anomalies detected']",['Very high combined anomaly score detected.'],"['Compare this project with similar projects in the same category and region.', 'Prioritize this project for immediate investigation.', 'Initiate immediate financial and administrative investigation.', 'Verify all payments, vendors, approvals, and expenditure records.']","# EXECUTIVE SUMMARY  
The Unified AI Risk Engine has assigned a **HIGH** risk level (score 57.0) to project **WS/MP459/2025-2026/149089** with **VERY HIGH** detection confidence. Four independent risk engines contributed to this assessment, indicating that the project warrants focused review to confirm compliance and financial integrity.

# PROJECT OVERVIEW  
- **Work ID:** WS/MP459/2025-2026/149089  
- **State:** Not available in the provided evidence.  
- **Constituency:** Not available in the provided evidence.  
- **Work Category:** Not available in the provided evidence.  
- **Work Description:** Not available in the provided evidence.  
- **Work Status:** Not available in the provided evidence.  

# RISK CLASSIFICATION  
- **Final AI risk level:** HIGH  
- **Final AI risk score:** 57.0  
- **Detection confidence:** VERY HIGH  
- **Active risk engines:** 4  
- **Primary risk source:** Not available in the provided evidence.  

# KEY VERIFIED RISK INDICATORS  
- **Unified AI Risk Engine**: Final AI risk score of 57.0 and HIGH risk level.  
- **Machine Learning Engine**: Ensemble risk level HIGH with a combined anomaly score of 0.6000000000000086.  

# FINANCIAL OBSERVATIONS  
- **Recommended amount:** Not available in the provided evidence.  
- **Sanction amount:** Not available in the provided evidence.  
- **Total expenditure:** Not available in the provided evidence.  
- **Expenditure relationships:** Not available in the provided evidence.  
- **Financial risk engine findings:** Not available in the provided evidence.  

# PAYMENT OBSERVATIONS  
- **Payment count:** Not available in the provided evidence.  
- **Unique vendors:** Not available in the provided evidence.  
- **Payments per vendor:** Not available in the provided evidence.  
- **Payment concentration risk indicators:** Not available in the provided evidence.  

# STATISTICAL ANOMALY OBSERVATIONS  
- **Statistical anomaly engine findings:** Not available in the provided evidence.  

# MACHINE LEARNING OBSERVATIONS  
- **Ensemble risk level:** HIGH  
- **Combined anomaly score:** 0.6000000000000086  
- **Ensemble anomaly status:** Not available in the provided evidence.  

# WHY THIS PROJECT WAS FLAGGED  
The project was flagged due to the convergence of risk signals from multiple engines: the Unified AI Risk Engine and the Machine Learning Engine both identified high‑level risk indicators with strong confidence. These independent signals collectively elevate the overall risk assessment, though they do not constitute evidence of wrongdoing.

# INVESTIGATION PRIORITIES  
- **HIGH PRIORITY** – Verify the underlying data feeding the AI and ML engines to confirm the validity of the risk scores.  
- **MEDIUM PRIORITY** – Cross‑check any available financial records against project documentation once accessible.  
- **LOW PRIORITY** – Monitor for any emerging data that could alter the risk profile.  

# RECOMMENDED NEXT STEPS  
- **Verify expenditure records** once financial data becomes available.  
- **Review payment documentation** to assess vendor relationships and payment patterns.  
- **Compare with similar projects** in the same category to contextualize risk scores.  
- **Validate sanction compliance** against any future sanction amount data.  

# FINAL ASSESSMENT  
The detected anomalies are risk indicators requiring verification and do not independently establish wrongdoing. The high risk level and strong detection confidence warrant a focused audit to confirm compliance and financial integrity."
WS/MP18065/2026-2027/152353,0.5202367621799853,HIGH,10.0,LOW,['Moderately unusual anomaly pattern detected.'],['Perform additional monitoring of the project.'],55,HIGH,"['Project expenditure is unusually high', 'Extremely high number of payment transactions', 'High payment concentration among vendors', 'Large number of payments concentrated among very few vendors', 'Multiple independent financial risk indicators detected']",50,HIGH,"['Project expenditure is statistically high', 'Extremely high number of payment transactions', 'Extremely high payment concentration per vendor', 'Multiple independent statistical anomalies detected']",86.7061270299963,53.85,HIGH,4,"['Machine learning anomaly models detected unusual project behavior', 'Rule-based risk indicators were detected', 'Financial risk indicators were detected', 'Statistical financial anomalies were detected', 'Multiple independent AI risk engines detected suspicious patterns']",VERY HIGH,55,HIGH,"['Project expenditure is unusually high', 'Extremely high number of payment transactions', 'High payment concentration among vendors', 'Large number of payments concentrated among very few vendors', 'Multiple independent financial risk indicators detected']",50,HIGH,"['Project expenditure is statistically high', 'Extremely high number of payment transactions', 'Extremely high payment concentration per vendor', 'Multiple independent statistical anomalies detected']",['Moderately unusual anomaly pattern detected.'],"['Perform detailed financial verification of expenditure and payment records.', 'Compare this project with similar projects in the same category and region.', 'Prioritize this project for immediate investigation.', 'Initiate immediate financial and administrative investigation.', 'Verify all payments, vendors, approvals, and expenditure records.']","# EXECUTIVE SUMMARY  
The Unified AI Risk Engine has assigned a **HIGH** risk level (score 53.85) to project **WS/MP18065/2026-2027/152353** with **VERY HIGH** detection confidence. Four independent risk engines contributed to this assessment, and the Machine Learning ensemble also flagged the project as **HIGH** risk with a combined anomaly score of **0.5202367621799853**. These indicators warrant a focused review to confirm compliance and identify any potential issues.

# PROJECT OVERVIEW  
- **Work ID:** WS/MP18065/2026-2027/152353  
- **State:** Not available in the provided evidence.  
- **Constituency:** Not available in the provided evidence.  
- **Work Category:** Not available in the provided evidence.  
- **Work Description:** Not available in the provided evidence.  
- **Work Status:** Not available in the provided evidence.

# RISK CLASSIFICATION  
- **Final AI risk level:** HIGH  
- **Final AI risk score:** 53.85  
- **Detection confidence:** VERY HIGH  
- **Active risk engines:** 4  
- **Primary risk source:** Not available in the provided evidence.

# KEY VERIFIED RISK INDICATORS  
- Unified AI Risk Engine: HIGH risk level, score 53.85, VERY HIGH confidence.  
- Machine Learning Ensemble: HIGH risk level, combined anomaly score 0.5202367621799853.

# FINANCIAL OBSERVATIONS  
- **Recommended amount:** Not available in the provided evidence.  
- **Sanction amount:** Not available in the provided evidence.  
- **Total expenditure:** Not available in the provided evidence.  
- **Expenditure relationships:** Not available in the provided evidence.  
- **Financial risk engine findings:** No data available.

# PAYMENT OBSERVATIONS  
- **Payment count:** Not available in the provided evidence.  
- **Unique vendors:** Not available in the provided evidence.  
- **Payments per vendor:** Not available in the provided evidence.  
- **Payment concentration risk indicators:** Not available in the provided evidence.

# STATISTICAL ANOMALY OBSERVATIONS  
- No data available from the Statistical Anomaly Engine.

# MACHINE LEARNING OBSERVATIONS  
- **Ensemble risk level:** HIGH  
- **Combined anomaly score:** 0.5202367621799853  
- **Ensemble anomaly flag:** Not available in the provided evidence.

# WHY THIS PROJECT WAS FLAGGED  
The project was flagged because multiple independent engines (Unified AI Risk Engine and Machine Learning Ensemble) independently identified high‑risk signals. The Unified AI Risk Engine’s high score and confidence, coupled with the ML ensemble’s high risk level and anomaly score, collectively elevate the overall risk assessment. No single engine alone confirms wrongdoing; rather, the convergence of signals indicates areas that merit further scrutiny.

# INVESTIGATION PRIORITIES  
- **HIGH PRIORITY** – Review of expenditure and payment records to confirm alignment with sanction amounts and project scope.  
- **MEDIUM PRIORITY** – Comparative analysis with similar projects to contextualize risk indicators.  
- **LOW PRIORITY** – None identified based on current evidence.

# RECOMMENDED NEXT STEPS  
- **Verify expenditure records** against any available sanction documents.  
- **Review payment documentation** to assess vendor relationships and payment patterns.  
- **Compare with similar projects** to benchmark risk indicators.  
- **Validate sanction compliance** to ensure all disbursements align with approved amounts.

# FINAL ASSESSMENT  
The detected anomalies are risk indicators requiring verification and do not independently establish wrongdoing. A focused audit of financial and payment records is recommended to confirm compliance and address any potential concerns."
WS/MP18109/2024-2025/150121,0.4595934035520144,MEDIUM,10.0,LOW,['Moderately unusual anomaly pattern detected.'],['Perform additional monitoring of the project.'],62,CRITICAL,"['Project expenditure is unusually high', 'Extremely high number of payment transactions', 'Extremely high payment concentration among vendors', 'Large number of payments concentrated among very few vendors', 'Multiple independent financial risk indicators detected']",50,HIGH,"['Project expenditure is statistically high', 'Extremely high number of payment transactions', 'Extremely high payment concentration per vendor', 'Multiple independent statistical anomalies detected']",76.5989005920013,51.71,HIGH,4,"['Rule-based risk indicators were detected', 'Financial risk indicators were detected', 'Statistical financial anomalies were detected', 'Multiple independent AI risk engines detected suspicious patterns']",VERY HIGH,62,CRITICAL,"['Project expenditure is unusually high', 'Extremely high number of payment transactions', 'Extremely high payment concentration among vendors', 'Large number of payments concentrated among very few vendors', 'Multiple independent financial risk indicators detected']",50,HIGH,"['Project expenditure is statistically high', 'Extremely high number of payment transactions', 'Extremely high payment concentration per vendor', 'Multiple independent statistical anomalies detected']",['Moderately unusual anomaly pattern detected.'],"['Perform detailed financial verification of expenditure and payment records.', 'Compare this project with similar projects in the same category and region.', 'Prioritize this project for immediate investigation.', 'Initiate immediate financial and administrative investigation.', 'Verify all payments, vendors, approvals, and expenditure records.']","# EXECUTIVE SUMMARY  
The Unified AI Risk Engine has assigned a **HIGH** risk level (score 51.71) to the project with **VERY HIGH** detection confidence, based on four active risk engines. The Machine Learning Engine also flags a **MEDIUM** risk level with a combined anomaly score of 0.4596. These indicators warrant focused verification to ensure compliance and mitigate potential financial or operational risks.

# PROJECT OVERVIEW  
- **Work ID:** WS/MP18109/2024-2025/150121  
- **State, Constituency, Work Category, Work Description, Work Status:** Not available in the provided evidence.  

# RISK CLASSIFICATION  
- **Final AI risk level:** HIGH  
- **Final AI risk score:** 51.71  
- **Detection confidence:** VERY HIGH  
- **Active risk engines:** 4  
- **Primary risk source:** Not available in the provided evidence.  

# KEY VERIFIED RISK INDICATORS  
- Unified AI Risk Score: 51.71  
- Unified AI Risk Level: HIGH  
- Detection Confidence: VERY HIGH  
- Active Risk Engines: 4  
- Machine Learning Ensemble Risk Level: MEDIUM  
- Combined Anomaly Score (ML): 0.4595934035520144  

# FINANCIAL OBSERVATIONS  
- **Recommended amount:** Not available in the provided evidence.  
- **Sanction amount:** Not available in the provided evidence.  
- **Total expenditure:** Not available in the provided evidence.  
- **Expenditure relationships:** Not available in the provided evidence.  
- **Financial risk engine findings:** Not available in the provided evidence.  

# PAYMENT OBSERVATIONS  
- **Payment count:** Not available in the provided evidence.  
- **Unique vendors:** Not available in the provided evidence.  
- **Payments per vendor:** Not available in the provided evidence.  
- **Payment concentration risk indicators:** Not available in the provided evidence.  

# STATISTICAL ANOMALY OBSERVATIONS  
- **Statistical anomaly score:** Not available in the provided evidence.  
- **Statistical anomaly level:** Not available in the provided evidence.  
- **Statistical anomaly factors:** Not available in the provided evidence.  

# MACHINE LEARNING OBSERVATIONS  
- **Ensemble risk level:** MEDIUM  
- **Combined anomaly score:** 0.4595934035520144  
- **Ensemble anomaly status:** Not available in the provided evidence.  

# WHY THIS PROJECT WAS FLAGGED  
The Unified AI Risk Engine’s high score and confidence, derived from four independent risk engines, signal potential irregularities that merit review. The Machine Learning Engine’s medium risk level and significant anomaly score further corroborate the need for verification. No specific financial or operational details are available to confirm wrongdoing; the indicators represent risk signals only.

# INVESTIGATION PRIORITIES  

| Priority | Rationale |
|----------|-----------|
| **HIGH PRIORITY** | Unified AI Risk Level = HIGH; Detection Confidence = VERY HIGH; 4 active engines. |
| **MEDIUM PRIORITY** | Machine Learning Ensemble Risk Level = MEDIUM; Combined anomaly score ≈ 0.46. |
| **LOW PRIORITY** | No additional risk engine findings or financial anomalies reported. |

# RECOMMENDED NEXT STEPS  
1. **Verify Expenditure Records** – Obtain and review all financial statements, invoices, and payment vouchers related to the project.  
2. **Review Payment Documentation** – Cross‑check payment counts, vendor identities, and amounts against procurement records.  
3. **Compare with Similar Projects** – Benchmark expenditure ratios and payment patterns against comparable projects in the same category.  
4. **Validate Sanction Compliance** – Confirm that all disbursements align with the sanctioned amount and project scope.  

# FINAL ASSESSMENT  
The detected anomalies are risk indicators requiring verification and do not independently establish wrongdoing. A systematic review of financial and payment records is recommended to confirm compliance and address any potential issues."
WS/MP643/2024-2025/146592,0.5526208157856763,HIGH,20.0,MEDIUM,['Very high combined anomaly score detected.'],['Review financial records and project transactions.'],22,MEDIUM,"['Project expenditure is unusually high', 'Extremely high number of payment transactions']",50,HIGH,"['Project expenditure is statistically high', 'Extremely high number of payment transactions', 'Extremely high payment concentration per vendor', 'Multiple independent statistical anomalies detected']",92.1034692976114,51.64,HIGH,4,"['Machine learning anomaly models detected unusual project behavior', 'Rule-based risk indicators were detected', 'Financial risk indicators were detected', 'Statistical financial anomalies were detected', 'Multiple independent AI risk engines detected suspicious patterns']",VERY HIGH,22,MEDIUM,"['Project expenditure is unusually high', 'Extremely high number of payment transactions']",50,HIGH,"['Project expenditure is statistically high', 'Extremely high number of payment transactions', 'Extremely high payment concentration per vendor', 'Multiple independent statistical anomalies detected']",['Very high combined anomaly score detected.'],"['Compare this project with similar projects in the same category and region.', 'Prioritize this project for immediate investigation.', 'Initiate immediate financial and administrative investigation.', 'Verify all payments, vendors, approvals, and expenditure records.']","# EXECUTIVE SUMMARY  
The Unified AI Risk Engine has assigned a **HIGH** risk level (score 51.64) to project **WS/MP643/2024-2025/146592** with **VERY HIGH** confidence. Four independent risk engines contributed to this assessment, indicating a convergence of risk signals. While no financial or payment data are available in the evidence, the high AI risk score and confidence warrant a focused review to confirm compliance and identify any potential issues.

# PROJECT OVERVIEW  
- **Work ID:** WS/MP643/2024-2025/146592  
- **State:** Not available in the provided evidence.  
- **Constituency:** Not available in the provided evidence.  
- **Work Category:** Not available in the provided evidence.  
- **Work Description:** Not available in the provided evidence.  
- **Work Status:** Not available in the provided evidence.  

# RISK CLASSIFICATION  
- **Final AI Risk Level:** HIGH  
- **Final AI Risk Score:** 51.64  
- **Detection Confidence:** VERY HIGH  
- **Active Risk Engines:** 4  
- **Primary Risk Source:** Not available in the provided evidence.  

# KEY VERIFIED RISK INDICATORS  
1. Unified AI Risk Engine:  
   - Final AI risk score = 51.64  
   - Final AI risk level = HIGH  
   - Detection confidence = VERY HIGH  
   - Active risk engines = 4  
2. Machine Learning / Ensemble Anomaly Engine:  
   - Ensemble risk level = HIGH  
   - Combined anomaly score = 0.5526208157856763  

# FINANCIAL OBSERVATIONS  
- **Recommended amount:** Not available in the provided evidence.  
- **Sanction amount:** Not available in the provided evidence.  
- **Total expenditure:** Not available in the provided evidence.  
- **Expenditure relationships:** Not available in the provided evidence.  
- **Financial risk engine findings:** Not available in the provided evidence.  

# PAYMENT OBSERVATIONS  
- **Payment count:** Not available in the provided evidence.  
- **Unique vendors:** Not available in the provided evidence.  
- **Payments per vendor:** Not available in the provided evidence.  
- **Payment concentration risk indicators:** Not available in the provided evidence.  

# STATISTICAL ANOMALY OBSERVATIONS  
- **Statistical anomaly score:** Not available in the provided evidence.  
- **Statistical anomaly level:** Not available in the provided evidence.  
- **Statistical anomaly factors:** Not available in the provided evidence.  

# MACHINE LEARNING OBSERVATIONS  
- **Ensemble risk level:** HIGH  
- **Combined anomaly score:** 0.5526208157856763  
- **Ensemble is anomaly:** Not available in the provided evidence.  

# WHY THIS PROJECT WAS FLAGGED  
The Unified AI Risk Engine, supported by the Machine Learning / Ensemble Anomaly Engine, identified a high risk score with very high confidence. The convergence of four independent risk engines (as indicated by the active risk engines count) signals a consistent pattern of risk indicators. No specific financial or payment anomalies are documented in the evidence, but the high AI risk score alone is sufficient to trigger a review.

# INVESTIGATION PRIORITIES  
- **HIGH PRIORITY** – Verify the underlying data and assumptions that contributed to the high AI risk score, including any available project documentation, procurement records, and compliance with sanction requirements.  
- **MEDIUM PRIORITY** – None identified based on the current evidence.  
- **LOW PRIORITY** – None identified based on the current evidence.  

# RECOMMENDED NEXT STEPS  
1. **Verify Expenditure Records** – Obtain and review all available financial statements, invoices, and payment vouchers related to the project.  
2. **Review Payment Documentation** – Cross‑check payment records against vendor contracts and procurement policies.  
3. **Compare with Similar Projects** – Benchmark the project’s financial and operational metrics against comparable projects within the same jurisdiction or sector.  
4. **Validate Sanction Compliance** – Confirm that all vendors and transactions comply with applicable sanctions and regulatory requirements.  

These actions are directly supported by the risk indicators identified and will help determine whether the high AI risk score reflects genuine compliance concerns.

# FINAL ASSESSMENT  
The detected anomalies are risk indicators requiring verification and do not independently establish wrongdoing. The high AI risk score and confidence level, coupled with multiple independent risk engines, warrant a thorough review of the project’s financial and operational records to confirm compliance and rule out any potential issues."
WS/MP18309/2024-2025/155212,0.5458191411160447,HIGH,10.0,LOW,['Moderately unusual anomaly pattern detected.'],['Perform additional monitoring of the project.'],20,MEDIUM,['Project expenditure is among the highest 1%'],65,CRITICAL,"['Project expenditure is among the highest 0.5%', 'Extremely high number of payment transactions', 'Extremely high payment concentration per vendor', 'Multiple independent statistical anomalies detected']",90.9698568526728,51.34,HIGH,4,"['Machine learning anomaly models detected unusual project behavior', 'Rule-based risk indicators were detected', 'Financial risk indicators were detected', 'Statistical financial anomalies were detected', 'Multiple independent AI risk engines detected suspicious patterns']",VERY HIGH,20,MEDIUM,['Project expenditure is among the highest 1%'],65,CRITICAL,"['Project expenditure is among the highest 0.5%', 'Extremely high number of payment transactions', 'Extremely high payment concentration per vendor', 'Multiple independent statistical anomalies detected']",['Moderately unusual anomaly pattern detected.'],"['Compare this project with similar projects in the same category and region.', 'Prioritize this project for immediate investigation.', 'Initiate immediate financial and administrative investigation.', 'Verify all payments, vendors, approvals, and expenditure records.']","# EXECUTIVE SUMMARY  
The Unified AI Risk Engine has assigned a **HIGH** risk level (score 51.34) to project **WS/MP18309/2024-2025/155212** with **VERY HIGH** confidence. Four independent risk engines contributed to this assessment, indicating a convergence of risk signals. While no financial or payment data are available in the evidence, the high AI risk score warrants a focused review to confirm compliance and identify any potential issues.

# PROJECT OVERVIEW  
- **Work ID:** WS/MP18309/2024-2025/155212  
- **State:** Not available in the provided evidence.  
- **Constituency:** Not available in the provided evidence.  
- **Work Category:** Not available in the provided evidence.  
- **Work Description:** Not available in the provided evidence.  
- **Work Status:** Not available in the provided evidence.  

# RISK CLASSIFICATION  
- **Final AI Risk Level:** HIGH  
- **Final AI Risk Score:** 51.34  
- **Detection Confidence:** VERY HIGH  
- **Active Risk Engines:** 4  
- **Primary Risk Source:** Not available in the provided evidence.  

# KEY VERIFIED RISK INDICATORS  
1. Unified AI Risk Engine:  
   - Final AI risk score = 51.34  
   - Final AI risk level = HIGH  
   - Detection confidence = VERY HIGH  
   - Active risk engines = 4  
2. Machine Learning / Ensemble Anomaly Engine:  
   - Ensemble risk level = HIGH  
   - Combined anomaly score = 0.5458191411160447  

# FINANCIAL OBSERVATIONS  
- **Recommended amount:** Not available in the provided evidence.  
- **Sanction amount:** Not available in the provided evidence.  
- **Total expenditure:** Not available in the provided evidence.  
- **Expenditure relationships:** Not available in the provided evidence.  
- **Financial risk engine findings:** Not available in the provided evidence.  

# PAYMENT OBSERVATIONS  
- **Payment count:** Not available in the provided evidence.  
- **Unique vendors:** Not available in the provided evidence.  
- **Payments per vendor:** Not available in the provided evidence.  
- **Payment concentration risk indicators:** Not available in the provided evidence.  

# STATISTICAL ANOMALY OBSERVATIONS  
- **Statistical anomaly score:** Not available in the provided evidence.  
- **Statistical anomaly level:** Not available in the provided evidence.  
- **Statistical anomaly factors:** Not available in the provided evidence.  

# MACHINE LEARNING OBSERVATIONS  
- **Ensemble risk level:** HIGH  
- **Combined anomaly score:** 0.5458191411160447  
- **Ensemble is anomaly:** Not available in the provided evidence.  

# WHY THIS PROJECT WAS FLAGGED  
The Unified AI Risk Engine, supported by the Machine Learning / Ensemble Anomaly Engine, identified a high risk score with very high confidence. The convergence of four independent risk engines (as indicated by the active risk engines count) suggests that multiple analytical approaches have independently flagged potential concerns. No specific financial or payment anomalies are documented in the evidence, but the high AI risk score alone is sufficient to trigger a review.

# INVESTIGATION PRIORITIES  

| Priority | Rationale |
|----------|-----------|
| **HIGH PRIORITY** | The project has a **HIGH** AI risk level with **VERY HIGH** confidence and a combined anomaly score above 0.5. These indicators warrant immediate verification. |
| **MEDIUM PRIORITY** | None identified based on the current evidence. |
| **LOW PRIORITY** | None identified based on the current evidence. |

# RECOMMENDED NEXT STEPS  
1. **Verify Expenditure Records** – Obtain and review all financial statements, invoices, and receipts related to the project to confirm that spending aligns with any available sanction amounts.  
2. **Review Payment Documentation** – Examine payment vouchers, bank statements, and vendor contracts to assess payment patterns and identify any concentration risks.  
3. **Compare with Similar Projects** – Benchmark the project’s financial and operational metrics against comparable projects within the same jurisdiction or sector to detect outliers.  
4. **Validate Sanction Compliance** – Confirm that all expenditures and payments are within the bounds of any approved sanction amounts or budgetary limits.  

These actions are directly supported by the risk indicators identified and are standard procedures for verifying compliance in high‑risk projects.

# FINAL ASSESSMENT  
The evidence indicates that project **WS/MP18309/2024-2025/155212** has been flagged by multiple independent risk engines, resulting in a **HIGH** risk classification with **VERY HIGH** confidence. The detected anomalies are risk indicators that require verification and do **not** independently establish wrongdoing. A focused audit, as outlined in the recommended next steps, will provide the necessary assurance of compliance and help determine whether any further action is warranted."
WS/MP18309/2024-2025/155216,0.5458191411160447,HIGH,10.0,LOW,['Moderately unusual anomaly pattern detected.'],['Perform additional monitoring of the project.'],20,MEDIUM,['Project expenditure is among the highest 1%'],65,CRITICAL,"['Project expenditure is among the highest 0.5%', 'Extremely high number of payment transactions', 'Extremely high payment concentration per vendor', 'Multiple independent statistical anomalies detected']",90.9698568526728,51.34,HIGH,4,"['Machine learning anomaly models detected unusual project behavior', 'Rule-based risk indicators were detected', 'Financial risk indicators were detected', 'Statistical financial anomalies were detected', 'Multiple independent AI risk engines detected suspicious patterns']",VERY HIGH,20,MEDIUM,['Project expenditure is among the highest 1%'],65,CRITICAL,"['Project expenditure is among the highest 0.5%', 'Extremely high number of payment transactions', 'Extremely high payment concentration per vendor', 'Multiple independent statistical anomalies detected']",['Moderately unusual anomaly pattern detected.'],"['Compare this project with similar projects in the same category and region.', 'Prioritize this project for immediate investigation.', 'Initiate immediate financial and administrative investigation.', 'Verify all payments, vendors, approvals, and expenditure records.']","# EXECUTIVE SUMMARY  
The Unified AI Risk Engine has assigned a **HIGH** risk level (score 51.34) to the project with **VERY HIGH** detection confidence. Four independent risk engines contributed to this assessment, indicating a convergence of risk signals. While no financial or payment data are available, the high AI and machine‑learning risk scores warrant focused verification to ensure compliance and mitigate potential exposure.

# PROJECT OVERVIEW  
- **Work ID:** WS/MP18309/2024-2025/155216  
- **State:** Not available in the provided evidence.  
- **Constituency:** Not available in the provided evidence.  
- **Work Category:** Not available in the provided evidence.  
- **Work Description:** Not available in the provided evidence.  
- **Work Status:** Not available in the provided evidence.

# RISK CLASSIFICATION  
- **Final AI risk level:** HIGH  
- **Final AI risk score:** 51.34  
- **Detection confidence:** VERY HIGH  
- **Active risk engines:** 4  
- **Primary risk source:** Not available in the provided evidence.

# KEY VERIFIED RISK INDICATORS  
- Unified AI Risk Engine: **HIGH** risk level, score 51.34, VERY HIGH confidence.  
- Machine Learning Engine: **HIGH** ensemble risk level, combined anomaly score 0.5458191411160447.

# FINANCIAL OBSERVATIONS  
- **Recommended amount:** Not available in the provided evidence.  
- **Sanction amount:** Not available in the provided evidence.  
- **Total expenditure:** Not available in the provided evidence.  
- **Expenditure relationships:** Not available in the provided evidence.  
- **Financial risk engine findings:** No data available.

# PAYMENT OBSERVATIONS  
- **Payment count:** Not available in the provided evidence.  
- **Unique vendors:** Not available in the provided evidence.  
- **Payments per vendor:** Not available in the provided evidence.  
- **Payment concentration risk indicators:** Not available in the provided evidence.

# STATISTICAL ANOMALY OBSERVATIONS  
No statistical anomaly data are present in the provided evidence.

# MACHINE LEARNING OBSERVATIONS  
- **Ensemble risk level:** HIGH  
- **Combined anomaly score:** 0.5458191411160447  
- **Ensemble anomaly status:** Not available in the provided evidence.

# WHY THIS PROJECT WAS FLAGGED  
The project was flagged due to the convergence of high‑risk signals from multiple independent engines: the Unified AI Risk Engine and the Machine Learning Engine both returned high risk levels with substantial anomaly scores. The VERY HIGH detection confidence and the involvement of four active risk engines reinforce the need for further scrutiny, even though no specific financial or payment irregularities are documented.

# INVESTIGATION PRIORITIES  

| Priority | Rationale |
|----------|-----------|
| **HIGH PRIORITY** | High AI risk level (51.34) and VERY HIGH detection confidence. |
| **MEDIUM PRIORITY** | Machine learning ensemble risk level HIGH and anomaly score > 0.5. |
| **LOW PRIORITY** | None identified due to lack of additional evidence. |

# RECOMMENDED NEXT STEPS  
- **Verify expenditure records** against the project’s sanction amount once available.  
- **Review payment documentation** to confirm vendor legitimacy and payment distribution.  
- **Compare with similar projects** in the same category to benchmark risk indicators.  
- **Validate sanction compliance** to ensure adherence to approved funding limits.  

These actions are directly supported by the risk evidence indicating high AI and ML risk levels.

# FINAL ASSESSMENT  
The detected anomalies are risk indicators requiring verification and do not independently establish wrongdoing. The high AI risk score, combined with high confidence and multiple engine confirmations, warrants a focused audit to confirm compliance and rule out any potential issues."
WS/MP18152/2024-2025/141888,0.5213925995921009,HIGH,10.0,LOW,['Moderately unusual anomaly pattern detected.'],['Perform additional monitoring of the project.'],40,HIGH,"['Project expenditure is unusually high', 'Extremely high number of payment transactions', 'High payment concentration among vendors', 'Multiple independent financial risk indicators detected']",50,HIGH,"['Project expenditure is statistically high', 'Extremely high number of payment transactions', 'Extremely high payment concentration per vendor', 'Multiple independent statistical anomalies detected']",86.89876659868224,50.91,HIGH,4,"['Machine learning anomaly models detected unusual project behavior', 'Rule-based risk indicators were detected', 'Financial risk indicators were detected', 'Statistical financial anomalies were detected', 'Multiple independent AI risk engines detected suspicious patterns']",VERY HIGH,40,HIGH,"['Project expenditure is unusually high', 'Extremely high number of payment transactions', 'High payment concentration among vendors', 'Multiple independent financial risk indicators detected']",50,HIGH,"['Project expenditure is statistically high', 'Extremely high number of payment transactions', 'Extremely high payment concentration per vendor', 'Multiple independent statistical anomalies detected']",['Moderately unusual anomaly pattern detected.'],"['Perform detailed financial verification of expenditure and payment records.', 'Compare this project with similar projects in the same category and region.', 'Prioritize this project for immediate investigation.', 'Initiate immediate financial and administrative investigation.', 'Verify all payments, vendors, approvals, and expenditure records.']","# EXECUTIVE SUMMARY  
The Unified AI Risk Engine has assigned a **HIGH** risk level (score = 50.91) to project **WS/MP18152/2024-2025/141888** with **VERY HIGH** detection confidence. Four independent risk engines contributed to this assessment, indicating a convergence of risk signals. While no financial or payment data are available in the evidence, the high AI‑risk score and anomaly score from the machine‑learning engine warrant focused verification to ensure compliance and mitigate potential exposure.

# PROJECT OVERVIEW  
- **Work ID:** WS/MP18152/2024-2025/141888  
- **State:** Not available in the provided evidence.  
- **Constituency:** Not available in the provided evidence.  
- **Work Category:** Not available in the provided evidence.  
- **Work Description:** Not available in the provided evidence.  
- **Work Status:** Not available in the provided evidence.  

# RISK CLASSIFICATION  
- **Final AI Risk Level:** HIGH  
- **Final AI Risk Score:** 50.91  
- **Detection Confidence:** VERY HIGH  
- **Active Risk Engines:** 4  
- **Primary Risk Source:** Not available in the provided evidence.  

# KEY VERIFIED RISK INDICATORS  
1. Unified AI Risk Score: 50.91  
2. Unified AI Risk Level: HIGH  
3. Detection Confidence: VERY HIGH  
4. Active Risk Engines: 4  
5. Machine‑Learning Ensemble Risk Level: HIGH  
6. Machine‑Learning Combined Anomaly Score: 0.5213925995921009  

# FINANCIAL OBSERVATIONS  
- **Recommended Amount:** Not available in the provided evidence.  
- **Sanction Amount:** Not available in the provided evidence.  
- **Total Expenditure:** Not available in the provided evidence.  
- **Expenditure Relationships:** Not available in the provided evidence.  
- **Financial Risk Engine Findings:** Not available in the provided evidence.  

# PAYMENT OBSERVATIONS  
- **Payment Count:** Not available in the provided evidence.  
- **Unique Vendors:** Not available in the provided evidence.  
- **Payments per Vendor:** Not available in the provided evidence.  
- **Payment Concentration Risk Indicators:** Not available in the provided evidence.  

# STATISTICAL ANOMALY OBSERVATIONS  
- **Statistical Anomaly Score:** Not available in the provided evidence.  
- **Statistical Anomaly Level:** Not available in the provided evidence.  
- **Statistical Anomaly Factors:** Not available in the provided evidence.  

# MACHINE LEARNING OBSERVATIONS  
- **Ensemble Risk Level:** HIGH  
- **Combined Anomaly Score:** 0.5213925995921009  
- **Ensemble Is Anomaly:** Not available in the provided evidence.  

# WHY THIS PROJECT WAS FLAGGED  
The Unified AI Risk Engine, supported by a machine‑learning ensemble, identified a high risk score and anomaly score, both exceeding typical thresholds for concern. The convergence of four independent engines, each applying distinct analytical methods, produced a consistent high‑risk signal. No financial or payment anomalies are documented in the evidence, but the AI‑based assessment alone indicates that further scrutiny is warranted.

# INVESTIGATION PRIORITIES  

| Priority | Rationale |
|----------|-----------|
| **HIGH PRIORITY** | The project has a **HIGH** AI risk level with **VERY HIGH** detection confidence and a significant anomaly score from the ML engine. |
| **MEDIUM PRIORITY** | None identified based on current evidence. |
| **LOW PRIORITY** | None identified based on current evidence. |

# RECOMMENDED NEXT STEPS  
1. **Verify Expenditure Records** – Obtain and review all financial statements, invoices, and receipts to confirm that spending aligns with any available sanction amounts.  
2. **Review Payment Documentation** – Examine payment vouchers, bank statements, and vendor contracts to assess payment patterns and vendor relationships.  
3. **Compare with Similar Projects** – Benchmark this project’s financial and operational metrics against comparable projects within the same jurisdiction or sector.  
4. **Validate Sanction Compliance** – Confirm that all disbursements and expenditures comply with the approved sanction amount and any applicable regulatory requirements.  

These actions are directly supported by the risk indicators identified and will help determine whether the high AI risk score reflects genuine operational concerns.

# FINAL ASSESSMENT  
The detected anomalies—high AI risk score, high anomaly score from the machine‑learning engine, and convergence of multiple risk engines—constitute risk indicators that warrant verification. They do **not** independently establish wrongdoing. A focused audit of financial and payment records, as outlined above, will provide the necessary evidence to confirm compliance or identify areas requiring corrective action."
WS/MP18009/2024-2025/154261,0.529721300787,HIGH,10.0,LOW,['Moderately unusual anomaly pattern detected.'],['Perform additional monitoring of the project.'],20,MEDIUM,['Project expenditure is among the highest 1%'],65,CRITICAL,"['Project expenditure is among the highest 0.5%', 'Extremely high number of payment transactions', 'Extremely high payment concentration per vendor', 'Multiple independent statistical anomalies detected']",88.28688346449873,50.4,HIGH,4,"['Machine learning anomaly models detected unusual project behavior', 'Rule-based risk indicators were detected', 'Financial risk indicators were detected', 'Statistical financial anomalies were detected', 'Multiple independent AI risk engines detected suspicious patterns']",VERY HIGH,20,MEDIUM,['Project expenditure is among the highest 1%'],65,CRITICAL,"['Project expenditure is among the highest 0.5%', 'Extremely high number of payment transactions', 'Extremely high payment concentration per vendor', 'Multiple independent statistical anomalies detected']",['Moderately unusual anomaly pattern detected.'],"['Compare this project with similar projects in the same category and region.', 'Prioritize this project for immediate investigation.', 'Initiate immediate financial and administrative investigation.', 'Verify all payments, vendors, approvals, and expenditure records.']","# EXECUTIVE SUMMARY  
The Unified AI Risk Engine has assigned a **HIGH** risk level (score = 50.4) to project **WS/MP18009/2024-2025/154261** with **VERY HIGH** detection confidence. Four independent risk engines contributed to this assessment, indicating that the project warrants focused audit attention to confirm compliance and financial integrity.

# PROJECT OVERVIEW  
- **Work ID:** WS/MP18009/2024-2025/154261  
- **State:** Not available in the provided evidence.  
- **Constituency:** Not available in the provided evidence.  
- **Work Category:** Not available in the provided evidence.  
- **Work Description:** Not available in the provided evidence.  
- **Work Status:** Not available in the provided evidence.  

# RISK CLASSIFICATION  
- **Final AI risk level:** HIGH  
- **Final AI risk score:** 50.4  
- **Detection confidence:** VERY HIGH  
- **Active risk engines:** 4  
- **Primary risk source:** Not available in the provided evidence.  

# KEY VERIFIED RISK INDICATORS  
1. Unified AI Risk Engine:  
   - Final AI risk level: HIGH  
   - Final AI risk score: 50.4  
   - Detection confidence: VERY HIGH  
   - Active risk engines: 4  
2. Machine Learning / Ensemble Anomaly Engine:  
   - Ensemble risk level: HIGH  
   - Combined anomaly score: 0.529721300787  

# FINANCIAL OBSERVATIONS  
- **Recommended amount:** Not available in the provided evidence.  
- **Sanction amount:** Not available in the provided evidence.  
- **Total expenditure:** Not available in the provided evidence.  
- **Expenditure relationships:** Not available in the provided evidence.  
- **Financial risk engine findings:** Not available in the provided evidence.  

# PAYMENT OBSERVATIONS  
- **Payment count:** Not available in the provided evidence.  
- **Unique vendors:** Not available in the provided evidence.  
- **Payments per vendor:** Not available in the provided evidence.  
- **Payment concentration risk indicators:** Not available in the provided evidence.  

# STATISTICAL ANOMALY OBSERVATIONS  
- **Statistical anomaly score:** Not available in the provided evidence.  
- **Statistical anomaly level:** Not available in the provided evidence.  
- **Statistical anomaly factors:** Not available in the provided evidence.  

# MACHINE LEARNING OBSERVATIONS  
- **Ensemble risk level:** HIGH  
- **Combined anomaly score:** 0.529721300787  
- **Ensemble anomaly status:** Not available in the provided evidence.  

# WHY THIS PROJECT WAS FLAGGED  
The project was flagged because the Unified AI Risk Engine, incorporating inputs from four independent risk engines, assigned a high risk level with very high confidence. The Machine Learning Engine also identified a high ensemble risk level and a combined anomaly score above the typical threshold for concern. These independent signals collectively elevate the project’s risk profile, warranting further verification.

# INVESTIGATION PRIORITIES  

| Priority | Rationale |
|----------|-----------|
| **HIGH PRIORITY** | The project has a high AI risk level, high detection confidence, and multiple engines flagged it. |
| **MEDIUM PRIORITY** | The ML ensemble anomaly score is above 0.5, indicating potential irregularities that should be examined. |
| **LOW PRIORITY** | No additional risk indicators are present beyond those already noted. |

# RECOMMENDED NEXT STEPS  
1. **Verify Expenditure Records** – Obtain and review all financial statements, invoices, and receipts to confirm that expenditures align with the sanctioned amount.  
2. **Review Payment Documentation** – Examine payment vouchers, bank statements, and vendor contracts to ensure proper authorization and compliance.  
3. **Compare with Similar Projects** – Benchmark the project’s financial and payment patterns against comparable projects in the same category to identify deviations.  
4. **Validate Sanction Compliance** – Confirm that the project’s spending and vendor engagement adhere to the approved sanction framework.  

# FINAL ASSESSMENT  
The detected anomalies are risk indicators requiring verification and do not independently establish wrongdoing. The high risk level and strong detection confidence suggest that a focused audit is prudent to confirm compliance and financial integrity."
WS/MP391/2025-2026/146422,0.5704264494463777,HIGH,20.0,MEDIUM,['Very high combined anomaly score detected.'],['Review financial records and project transactions.'],20,MEDIUM,['Project expenditure is among the highest 1%'],40,HIGH,"['Project expenditure is among the highest 0.5%', 'Extremely high payment concentration per vendor']",95.07107490772825,50.27,HIGH,4,"['Machine learning anomaly models detected unusual project behavior', 'Rule-based risk indicators were detected', 'Financial risk indicators were detected', 'Statistical financial anomalies were detected', 'Multiple independent AI risk engines detected suspicious patterns']",VERY HIGH,20,MEDIUM,['Project expenditure is among the highest 1%'],40,HIGH,"['Project expenditure is among the highest 0.5%', 'Extremely high payment concentration per vendor']",['Very high combined anomaly score detected.'],"['Compare this project with similar projects in the same category and region.', 'Prioritize this project for immediate investigation.', 'Initiate immediate financial and administrative investigation.', 'Verify all payments, vendors, approvals, and expenditure records.']","# EXECUTIVE SUMMARY  
The Unified AI Risk Engine has assigned a **HIGH** risk level (score = 50.27) to project **WS/MP391/2025-2026/146422** with **VERY HIGH** detection confidence. Four independent risk engines contributed to this assessment, and the Machine Learning Ensemble also flagged the project as **HIGH** risk (combined anomaly score = 0.5704). These indicators warrant a focused review to confirm compliance and identify any potential issues.

# PROJECT OVERVIEW  
- **Work ID:** WS/MP391/2025-2026/146422  
- **State:** Not available in the provided evidence.  
- **Constituency:** Not available in the provided evidence.  
- **Work Category:** Not available in the provided evidence.  
- **Work Description:** Not available in the provided evidence.  
- **Work Status:** Not available in the provided evidence.

# RISK CLASSIFICATION  
- **Final AI risk level:** HIGH  
- **Final AI risk score:** 50.27  
- **Detection confidence:** VERY HIGH  
- **Active risk engines:** 4  
- **Primary risk source:** Not available in the provided evidence.

# KEY VERIFIED RISK INDICATORS  
- Unified AI Risk Engine: **HIGH** risk level, score = 50.27, VERY HIGH confidence.  
- Machine Learning Ensemble: **HIGH** risk level, combined anomaly score = 0.5704.  
- Number of active risk engines: **4**.

# FINANCIAL OBSERVATIONS  
- **Recommended amount:** Not available in the provided evidence.  
- **Sanction amount:** Not available in the provided evidence.  
- **Total expenditure:** Not available in the provided evidence.  
- **Expenditure relationships:** Not available in the provided evidence.  
- **Financial risk engine findings:** No data available.

# PAYMENT OBSERVATIONS  
- **Payment count:** Not available in the provided evidence.  
- **Unique vendors:** Not available in the provided evidence.  
- **Payments per vendor:** Not available in the provided evidence.  
- **Payment concentration risk indicators:** Not available in the provided evidence.

# STATISTICAL ANOMALY OBSERVATIONS  
No statistical anomaly data were provided in the evidence.

# MACHINE LEARNING OBSERVATIONS  
- **Ensemble risk level:** HIGH  
- **Combined anomaly score:** 0.5704264494463777  
- **Ensemble anomaly flag:** Not available in the provided evidence.

# WHY THIS PROJECT WAS FLAGGED  
The project was flagged because multiple independent engines (Unified AI Risk Engine and Machine Learning Ensemble) independently identified high‑risk signals. The Unified AI Risk Engine’s high score and confidence, combined with the ML ensemble’s high risk level and significant anomaly score, collectively elevate the overall risk assessment. No single engine alone confirms wrongdoing; rather, the convergence of signals indicates areas that merit further scrutiny.

# INVESTIGATION PRIORITIES  
- **HIGH PRIORITY:**  
  - Verify the accuracy and completeness of all financial records.  
  - Confirm that all payments align with the sanctioned amount and approved work scope.  
- **MEDIUM PRIORITY:**  
  - Cross‑check vendor details against procurement policies.  
  - Review any documentation that could explain the high anomaly score (e.g., unusual transaction patterns).  
- **LOW PRIORITY:**  
  - Compare project metrics with similar projects in the same category (if data become available).  

# RECOMMENDED NEXT STEPS  
- **Verify expenditure records** against the project’s sanction and approved budget.  
- **Review payment documentation** to ensure compliance with procurement guidelines.  
- **Validate sanction compliance** by reconciling disbursements with the sanctioned amount.  
- **Conduct a comparative analysis** with peer projects once additional data are available.  
- **Document findings** and update risk assessment accordingly.

# FINAL ASSESSMENT  
The detected anomalies are risk indicators that require verification and do not independently establish wrongdoing. A thorough review of financial and payment records is recommended to confirm compliance and address any identified gaps."
WS/MP243/2025-2026/141110,0.5584372094275153,HIGH,20.0,MEDIUM,['Very high combined anomaly score detected.'],['Review financial records and project transactions.'],20,MEDIUM,['Project expenditure is among the highest 1%'],40,HIGH,"['Project expenditure is among the highest 0.5%', 'Extremely high payment concentration per vendor']",93.07286823791787,49.58,MEDIUM,4,"['Machine learning anomaly models detected unusual project behavior', 'Rule-based risk indicators were detected', 'Financial risk indicators were detected', 'Statistical financial anomalies were detected', 'Multiple independent AI risk engines detected suspicious patterns']",VERY HIGH,20,MEDIUM,['Project expenditure is among the highest 1%'],40,HIGH,"['Project expenditure is among the highest 0.5%', 'Extremely high payment concentration per vendor']",['Very high combined anomaly score detected.'],"['Compare this project with similar projects in the same category and region.', 'Prioritize this project for immediate investigation.', 'Initiate immediate financial and administrative investigation.', 'Verify all payments, vendors, approvals, and expenditure records.']","# EXECUTIVE SUMMARY  
The Unified AI Risk Engine assigned a **MEDIUM** risk level (score 49.58) to project WS/MP243/2025‑2026/141110 with **VERY HIGH** confidence. Additionally, the Machine Learning Ensemble flagged a **HIGH** risk level with a combined anomaly score of 0.558. These independent signals warrant a focused review to confirm that all financial and procurement processes remain compliant, though they do not constitute evidence of wrongdoing.

# PROJECT OVERVIEW  
- **Work ID:** WS/MP243/2025‑2026/141110  
- **State, Constituency, Work Category, Work Description, Work Status:** Not available in the provided evidence.  

# RISK CLASSIFICATION  
- **Final AI risk level:** MEDIUM  
- **Final AI risk score:** 49.58  
- **Detection confidence:** VERY HIGH  
- **Active risk engines:** 4  
- **Primary risk source:** Not available in the provided evidence.  

# KEY VERIFIED RISK INDICATORS  
1. Unified AI risk score: **49.58**  
2. Unified AI risk level: **MEDIUM**  
3. Risk detection confidence: **VERY HIGH**  
4. Active risk engines: **4**  
5. Machine Learning ensemble risk level: **HIGH**  
6. Combined anomaly score (ML): **0.5584372094275153**  

# FINANCIAL OBSERVATIONS  
- **Recommended amount:** Not available in the provided evidence.  
- **Sanction amount:** Not available in the provided evidence.  
- **Total expenditure:** Not available in the provided evidence.  
- **Expenditure relationships:** Not available in the provided evidence.  
- **Financial risk engine findings:** No data available.  

# PAYMENT OBSERVATIONS  
- **Payment count:** Not available in the provided evidence.  
- **Unique vendors:** Not available in the provided evidence.  
- **Payments per vendor:** Not available in the provided evidence.  
- **Payment concentration risk indicators:** Not available in the provided evidence.  

# STATISTICAL ANOMALY OBSERVATIONS  
No data were provided by the Statistical Anomaly Engine.  

# MACHINE LEARNING OBSERVATIONS  
- **Ensemble risk level:** HIGH  
- **Combined anomaly score:** 0.5584372094275153  
- **Ensemble anomaly flag:** Not available in the provided evidence.  

# WHY THIS PROJECT WAS FLAGGED  
The project was flagged because multiple independent engines (Unified AI Risk Engine and Machine Learning Ensemble) identified risk signals. The Unified AI engine produced a medium‑level risk with very high confidence, while the ML ensemble produced a high‑level risk with a substantial anomaly score. The concurrence of these signals across four active risk engines indicates a need for verification, though it does not confirm any misconduct.

# INVESTIGATION PRIORITIES  

| Priority | Focus Area | Rationale |
|----------|------------|-----------|
| **HIGH** | Machine Learning Ensemble anomaly (score 0.558) | Highest risk level indicated by ML engine. |
| **MEDIUM** | Unified AI risk score and confidence | Medium risk level with very high detection confidence. |
| **LOW** | None | No additional risk indicators available. |

# RECOMMENDED NEXT STEPS  
1. **Verify expenditure records** against the project’s sanction amount and recommended budget (once available).  
2. **Review payment documentation** to confirm vendor legitimacy and payment distribution.  
3. **Compare with similar projects** in the same category to assess typical risk profiles.  
4. **Validate sanction compliance** to ensure all disbursements align with approved amounts.  

These actions are directly supported by the risk evidence and will help determine whether the identified anomalies reflect legitimate variations or warrant further scrutiny.

# FINAL ASSESSMENT  
The detected anomalies are risk indicators that require verification and do not independently establish wrongdoing. A structured review of financial and procurement records, guided by the identified risk signals, will provide clarity on the project’s compliance status."
WS/MP18355/2025-2026/158359,0.4704960660788369,MEDIUM,10.0,LOW,['Moderately unusual anomaly pattern detected.'],['Perform additional monitoring of the project.'],20,MEDIUM,['Project expenditure is among the highest 1%'],65,CRITICAL,"['Project expenditure is among the highest 0.5%', 'Extremely high number of payment transactions', 'Extremely high payment concentration per vendor', 'Multiple independent statistical anomalies detected']",78.41601101313836,46.95,HIGH,4,"['Rule-based risk indicators were detected', 'Financial risk indicators were detected', 'Statistical financial anomalies were detected', 'Multiple independent AI risk engines detected suspicious patterns']",VERY HIGH,20,MEDIUM,['Project expenditure is among the highest 1%'],65,CRITICAL,"['Project expenditure is among the highest 0.5%', 'Extremely high number of payment transactions', 'Extremely high payment concentration per vendor', 'Multiple independent statistical anomalies detected']",['Moderately unusual anomaly pattern detected.'],"['Compare this project with similar projects in the same category and region.', 'Prioritize this project for immediate investigation.', 'Initiate immediate financial and administrative investigation.', 'Verify all payments, vendors, approvals, and expenditure records.']","# EXECUTIVE SUMMARY  
The Unified AI Risk Engine assigned a **HIGH** risk level (score = 46.95) to project **WS/MP18355/2025-2026/158359** with **VERY HIGH** detection confidence. Four independent risk engines contributed to this assessment, and the Machine Learning ensemble flagged a **MEDIUM** risk level with a combined anomaly score of 0.4705. These indicators warrant focused audit attention to confirm compliance and identify any potential irregularities.

# PROJECT OVERVIEW  
- **Work ID:** WS/MP18355/2025-2026/158359  
- **State:** Not available in the provided evidence.  
- **Constituency:** Not available in the provided evidence.  
- **Work Category:** Not available in the provided evidence.  
- **Work Description:** Not available in the provided evidence.  
- **Work Status:** Not available in the provided evidence.

# RISK CLASSIFICATION  
- **Final AI risk level:** HIGH  
- **Final AI risk score:** 46.95  
- **Detection confidence:** VERY HIGH  
- **Active risk engines:** 4  
- **Primary risk source:** Not available in the provided evidence.

# KEY VERIFIED RISK INDICATORS  
1. Unified AI Risk Engine: score = 46.95, level = HIGH, confidence = VERY HIGH, active engines = 4.  
2. Machine Learning Ensemble: risk level = MEDIUM, combined anomaly score = 0.4704960660788369.

# FINANCIAL OBSERVATIONS  
- **Recommended amount:** Not available in the provided evidence.  
- **Sanction amount:** Not available in the provided evidence.  
- **Total expenditure:** Not available in the provided evidence.  
- **Expenditure relationships:** Not available in the provided evidence.  
- **Financial risk engine findings:** Not available in the provided evidence.

# PAYMENT OBSERVATIONS  
- **Payment count:** Not available in the provided evidence.  
- **Unique vendors:** Not available in the provided evidence.  
- **Payments per vendor:** Not available in the provided evidence.  
- **Payment concentration risk indicators:** Not available in the provided evidence.

# STATISTICAL ANOMALY OBSERVATIONS  
- **Statistical anomaly score:** Not available in the provided evidence.  
- **Statistical anomaly level:** Not available in the provided evidence.  
- **Statistical anomaly factors:** Not available in the provided evidence.

# MACHINE LEARNING OBSERVATIONS  
- **Ensemble risk level:** MEDIUM  
- **Combined anomaly score:** 0.4704960660788369  
- **Ensemble anomaly flag:** Not available in the provided evidence.

# WHY THIS PROJECT WAS FLAGGED  
The Unified AI Risk Engine identified a high risk score with very high confidence, indicating that multiple independent risk signals were triggered. The Machine Learning ensemble corroborated a medium‑level anomaly, reinforcing the need for verification. No specific financial or statistical anomaly data were provided, but the convergence of high AI risk and ML anomaly signals constitutes a composite risk indicator.

# INVESTIGATION PRIORITIES  

| Priority | Rationale |
|----------|-----------|
| **HIGH PRIORITY** | Unified AI Risk Engine’s high score and very high confidence. |
| **MEDIUM PRIORITY** | Machine Learning ensemble’s medium risk level and anomaly score. |
| **LOW PRIORITY** | No additional risk indicators available. |

# RECOMMENDED NEXT STEPS  
1. **Verify expenditure records** against the project’s sanction amount and recommended budget (once available).  
2. **Review payment documentation** to assess vendor relationships and payment patterns.  
3. **Compare with similar projects** in the same category to benchmark risk scores and anomaly levels.  
4. **Validate sanction compliance** to ensure all disbursements align with approved amounts.  

These actions are directly supported by the risk evidence indicating high AI risk and ML anomaly.

# FINAL ASSESSMENT  
The detected anomalies are risk indicators requiring verification and do not independently establish wrongdoing. A focused audit, guided by the high AI risk score and medium ML anomaly, will provide the necessary evidence to confirm compliance or identify areas for corrective action."
WS/MP18248/2024-2025/150128,0.4688112407279448,MEDIUM,10.0,LOW,['Moderately unusual anomaly pattern detected.'],['Perform additional monitoring of the project.'],20,MEDIUM,['Project expenditure is among the highest 1%'],65,CRITICAL,"['Project expenditure is among the highest 0.5%', 'Extremely high number of payment transactions', 'Extremely high payment concentration per vendor', 'Multiple independent statistical anomalies detected']",78.13520678798967,46.85,HIGH,4,"['Rule-based risk indicators were detected', 'Financial risk indicators were detected', 'Statistical financial anomalies were detected', 'Multiple independent AI risk engines detected suspicious patterns']",VERY HIGH,20,MEDIUM,['Project expenditure is among the highest 1%'],65,CRITICAL,"['Project expenditure is among the highest 0.5%', 'Extremely high number of payment transactions', 'Extremely high payment concentration per vendor', 'Multiple independent statistical anomalies detected']",['Moderately unusual anomaly pattern detected.'],"['Compare this project with similar projects in the same category and region.', 'Prioritize this project for immediate investigation.', 'Initiate immediate financial and administrative investigation.', 'Verify all payments, vendors, approvals, and expenditure records.']","# EXECUTIVE SUMMARY  
The Unified AI Risk Engine has assigned a **HIGH** risk level (score 46.85) to the project with **VERY HIGH** detection confidence, based on four active risk engines. The Machine Learning Engine also flagged a **MEDIUM** risk level with a combined anomaly score of 0.4688. These signals warrant a focused review to confirm compliance and identify any potential issues.

# PROJECT OVERVIEW  
- **Work ID:** WS/MP18248/2024-2025/150128  
- **State:** Not available in the provided evidence.  
- **Constituency:** Not available in the provided evidence.  
- **Work Category:** Not available in the provided evidence.  
- **Work Description:** Not available in the provided evidence.  
- **Work Status:** Not available in the provided evidence.  

# RISK CLASSIFICATION  
- **Final AI risk level:** HIGH  
- **Final AI risk score:** 46.85  
- **Detection confidence:** VERY HIGH  
- **Active risk engines:** 4  
- **Primary risk source:** Not available in the provided evidence.  

# KEY VERIFIED RISK INDICATORS  
- Final AI risk score: 46.85  
- Final AI risk level: HIGH  
- Detection confidence: VERY HIGH  
- Active risk engines: 4  

# FINANCIAL OBSERVATIONS  
- **Recommended amount:** Not available in the provided evidence.  
- **Sanction amount:** Not available in the provided evidence.  
- **Total expenditure:** Not available in the provided evidence.  
- **Expenditure relationships:** Not available in the provided evidence.  
- **Financial risk engine findings:** Not available in the provided evidence.  

# PAYMENT OBSERVATIONS  
- **Payment count:** Not available in the provided evidence.  
- **Unique vendors:** Not available in the provided evidence.  
- **Payments per vendor:** Not available in the provided evidence.  
- **Payment concentration risk indicators:** Not available in the provided evidence.  

# STATISTICAL ANOMALY OBSERVATIONS  
- **Statistical anomaly score:** Not available in the provided evidence.  
- **Statistical anomaly level:** Not available in the provided evidence.  
- **Statistical anomaly factors:** Not available in the provided evidence.  

# MACHINE LEARNING OBSERVATIONS  
- **Ensemble risk level:** MEDIUM  
- **Combined anomaly score:** 0.4688112407279448  
- **Ensemble is anomaly:** Not available in the provided evidence.  

# WHY THIS PROJECT WAS FLAGGED  
The Unified AI Risk Engine identified a high‑risk score with very high confidence, drawing on inputs from four independent risk engines. The Machine Learning Engine independently flagged a medium‑risk anomaly with a combined anomaly score of 0.4688. The concurrence of signals from multiple engines indicates a heightened need for verification, though it does not constitute evidence of wrongdoing.

# INVESTIGATION PRIORITIES  

| Priority | Rationale |
|----------|-----------|
| **HIGH PRIORITY** | Unified AI Risk Engine’s high score and very high confidence. |
| **MEDIUM PRIORITY** | Machine Learning Engine’s medium risk level and anomaly score. |
| **LOW PRIORITY** | No additional risk signals identified. |

# RECOMMENDED NEXT STEPS  
1. **Verify expenditure records** against the project’s sanction amount and recommended budget.  
2. **Review payment documentation** to assess vendor relationships and payment patterns.  
3. **Compare project metrics** with similar projects in the same category to identify deviations.  
4. **Validate sanction compliance** to ensure all disbursements align with approved limits.  

These actions are directly supported by the risk indicators identified and will help confirm whether the flagged anomalies reflect legitimate concerns or are benign variations.

# FINAL ASSESSMENT  
The detected anomalies are risk indicators that require verification and do not independently establish wrongdoing. A systematic review of financial and payment records, guided by the steps above, will provide clarity on the project’s compliance status."
WS/MP18277/2025-2026/149810,0.5538987081230446,HIGH,20.0,MEDIUM,['Very high combined anomaly score detected.'],['Review financial records and project transactions.'],20,MEDIUM,['Project expenditure is among the highest 1%'],25,MEDIUM,['Project expenditure is among the highest 0.5%'],92.31645135383944,46.31,MEDIUM,4,"['Machine learning anomaly models detected unusual project behavior', 'Rule-based risk indicators were detected', 'Financial risk indicators were detected', 'Statistical financial anomalies were detected', 'Multiple independent AI risk engines detected suspicious patterns']",VERY HIGH,20,MEDIUM,['Project expenditure is among the highest 1%'],25,MEDIUM,['Project expenditure is among the highest 0.5%'],['Very high combined anomaly score detected.'],"['Compare this project with similar projects in the same category and region.', 'Prioritize this project for immediate investigation.', 'Initiate immediate financial and administrative investigation.', 'Verify all payments, vendors, approvals, and expenditure records.']","# EXECUTIVE SUMMARY  
The project **WS/MP18277/2025-2026/149810** has been flagged by multiple independent risk engines. The Unified AI Risk Engine reports a **MEDIUM** risk level with a score of **46.31** and a **VERY HIGH** confidence rating. Additionally, the Machine Learning Ensemble Engine indicates a **HIGH** risk level with a combined anomaly score of **0.5538987081230446**. These signals warrant a focused review to confirm compliance and identify any potential issues.

# PROJECT OVERVIEW  
- **Work ID:** WS/MP18277/2025-2026/149810  
- **State:** Not available in the provided evidence.  
- **Constituency:** Not available in the provided evidence.  
- **Work Category:** Not available in the provided evidence.  
- **Work Description:** Not available in the provided evidence.  
- **Work Status:** Not available in the provided evidence.  

# RISK CLASSIFICATION  
- **Final AI Risk Level:** MEDIUM  
- **Final AI Risk Score:** 46.31  
- **Detection Confidence:** VERY HIGH  
- **Active Risk Engines:** 4  
- **Primary Risk Source:** Not available in the provided evidence.  

# KEY VERIFIED RISK INDICATORS  
1. Unified AI Risk Level: MEDIUM  
2. Unified AI Risk Score: 46.31  
3. Detection Confidence: VERY HIGH  
4. Active Risk Engines: 4  
5. Machine Learning Ensemble Risk Level: HIGH  
6. Machine Learning Combined Anomaly Score: 0.5538987081230446  

# FINANCIAL OBSERVATIONS  
- **Recommended Amount:** Not available in the provided evidence.  
- **Sanction Amount:** Not available in the provided evidence.  
- **Total Expenditure:** Not available in the provided evidence.  
- **Expenditure Relationships:** Not available in the provided evidence.  
- **Financial Risk Engine Findings:** Not available in the provided evidence.  

# PAYMENT OBSERVATIONS  
- **Payment Count:** Not available in the provided evidence.  
- **Unique Vendors:** Not available in the provided evidence.  
- **Payments per Vendor:** Not available in the provided evidence.  
- **Payment Concentration Risk Indicators:** Not available in the provided evidence.  

# STATISTICAL ANOMALY OBSERVATIONS  
- **Statistical Anomaly Score:** Not available in the provided evidence.  
- **Statistical Anomaly Level:** Not available in the provided evidence.  
- **Statistical Anomaly Factors:** Not available in the provided evidence.  

# MACHINE LEARNING OBSERVATIONS  
- **Ensemble Risk Level:** HIGH  
- **Combined Anomaly Score:** 0.5538987081230446  
- **Ensemble Is Anomaly:** Not available in the provided evidence.  

# WHY THIS PROJECT WAS FLAGGED  
The project was flagged due to the convergence of risk signals from multiple engines:  
- The Unified AI Risk Engine identified a medium risk level with high confidence, indicating potential concerns that merit review.  
- The Machine Learning Ensemble Engine independently flagged a high risk level with a substantial anomaly score.  
- The presence of four active risk engines suggests that the project has attracted attention from several distinct analytical models, reinforcing the need for verification.  
These indicators collectively elevate the project's risk profile, though they do not constitute evidence of wrongdoing.

# INVESTIGATION PRIORITIES  

| Priority Level | Focus Area | Rationale |
|----------------|------------|-----------|
| **HIGH PRIORITY** | Machine Learning Ensemble findings | High risk level and significant anomaly score. |
| **MEDIUM PRIORITY** | Unified AI Risk findings | Medium risk level with very high confidence. |
| **LOW PRIORITY** | General compliance checks | No specific financial or payment anomalies reported. |

# RECOMMENDED NEXT STEPS  
1. **Verify Expenditure Records** – Confirm that all disbursements align with the sanctioned amounts and project scope.  
2. **Review Payment Documentation** – Ensure that vendor payments are supported by valid invoices and contracts.  
3. **Compare with Similar Projects** – Benchmark financial and payment patterns against comparable projects to identify deviations.  
4. **Validate Sanction Compliance** – Confirm that the project remains within the approved budget and adheres to all regulatory requirements.  

These actions are directly supported by the risk indicators identified and will help determine whether the flagged anomalies reflect legitimate concerns or are benign variations.

# FINAL ASSESSMENT  
The detected anomalies are risk indicators that require verification and do not independently establish wrongdoing. The project’s medium AI risk level, high confidence rating, and the high risk signal from the Machine Learning Ensemble Engine collectively suggest that a focused audit is warranted. A thorough review of financial and payment records, in line with the recommended next steps, will provide clarity on the project’s compliance status."
WS/MP484/2024-2025/150090,0.5508344197549414,HIGH,20.0,MEDIUM,['Very high combined anomaly score detected.'],['Review financial records and project transactions.'],20,MEDIUM,['Project expenditure is among the highest 1%'],25,MEDIUM,['Project expenditure is among the highest 0.5%'],91.80573662582223,46.13,MEDIUM,4,"['Machine learning anomaly models detected unusual project behavior', 'Rule-based risk indicators were detected', 'Financial risk indicators were detected', 'Statistical financial anomalies were detected', 'Multiple independent AI risk engines detected suspicious patterns']",VERY HIGH,20,MEDIUM,['Project expenditure is among the highest 1%'],25,MEDIUM,['Project expenditure is among the highest 0.5%'],['Very high combined anomaly score detected.'],"['Compare this project with similar projects in the same category and region.', 'Prioritize this project for immediate investigation.', 'Initiate immediate financial and administrative investigation.', 'Verify all payments, vendors, approvals, and expenditure records.']","# EXECUTIVE SUMMARY  
The Unified AI Risk Engine has assigned a **MEDIUM** risk level with a score of **46.13** and a **VERY HIGH** detection confidence. Additionally, the Machine Learning Ensemble flagged a **HIGH** risk level with a combined anomaly score of **0.5508**. These independent signals, derived from four active risk engines, indicate that the project warrants a focused review to confirm compliance and identify any potential issues.

# PROJECT OVERVIEW  
- **Work ID:** WS/MP484/2024-2025/150090  
- **State:** Not available in the provided evidence.  
- **Constituency:** Not available in the provided evidence.  
- **Work Category:** Not available in the provided evidence.  
- **Work Description:** Not available in the provided evidence.  
- **Work Status:** Not available in the provided evidence.  

# RISK CLASSIFICATION  
- **Final AI risk level:** MEDIUM  
- **Final AI risk score:** 46.13  
- **Detection confidence:** VERY HIGH  
- **Active risk engines:** 4  
- **Primary risk source:** Not available in the provided evidence.  

# KEY VERIFIED RISK INDICATORS  
- Unified AI Risk Engine: MEDIUM risk level, score 46.13, VERY HIGH confidence.  
- Machine Learning Ensemble: HIGH risk level, combined anomaly score 0.5508.  

# FINANCIAL OBSERVATIONS  
- **Recommended amount:** Not available in the provided evidence.  
- **Sanction amount:** Not available in the provided evidence.  
- **Total expenditure:** Not available in the provided evidence.  
- **Expenditure relationships:** Not available in the provided evidence.  
- **Financial risk engine findings:** Not available in the provided evidence.  

# PAYMENT OBSERVATIONS  
- **Payment count:** Not available in the provided evidence.  
- **Unique vendors:** Not available in the provided evidence.  
- **Payments per vendor:** Not available in the provided evidence.  
- **Payment concentration risk indicators:** Not available in the provided evidence.  

# STATISTICAL ANOMALY OBSERVATIONS  
Not available in the provided evidence.  

# MACHINE LEARNING OBSERVATIONS  
- **Ensemble risk level:** HIGH  
- **Combined anomaly score:** 0.5508344197549414  
- **Ensemble anomaly flag:** Not available in the provided evidence.  

# WHY THIS PROJECT WAS FLAGGED  
The project was flagged due to the convergence of risk signals from multiple independent engines:  
1. The Unified AI Risk Engine identified a medium‑level risk with high confidence, suggesting potential irregularities in the project’s data or processes.  
2. The Machine Learning Ensemble independently detected a high‑level anomaly with a combined score exceeding 0.5, reinforcing the need for further scrutiny.  
These signals collectively elevate the project’s risk profile, warranting a detailed investigation.

# INVESTIGATION PRIORITIES  

| Priority Level | Focus Area |
|----------------|------------|
| **HIGH PRIORITY** | Machine Learning Ensemble anomaly (score 0.5508) |
| **MEDIUM PRIORITY** | Unified AI Risk Engine findings (score 46.13, MEDIUM level) |
| **LOW PRIORITY** | None identified from the current evidence |

# RECOMMENDED NEXT STEPS  
1. **Verify Expenditure Records** – Cross‑check any available financial documents against the project’s budget and disbursement schedule.  
2. **Review Payment Documentation** – Examine invoices, contracts, and payment vouchers for consistency and compliance.  
3. **Compare with Similar Projects** – Benchmark key metrics (e.g., expenditure ratios, vendor concentration) against comparable initiatives to identify deviations.  
4. **Validate Sanction Compliance** – Ensure that all disbursements align with the sanctioned amounts and regulatory requirements.  

These actions are directly supported by the risk indicators identified and will help confirm whether the anomalies reflect legitimate variations or warrant corrective measures.

# FINAL ASSESSMENT  
The detected anomalies are risk indicators that require verification and do not independently establish wrongdoing. The project’s medium‑level AI risk score and high‑level machine learning anomaly score, combined with very high detection confidence, justify a focused audit to confirm compliance and address any identified gaps."
WS/MP18249/2025-2026/153603,0.5103057638848443,HIGH,10.0,LOW,['Moderately unusual anomaly pattern detected.'],['Perform additional monitoring of the project.'],20,MEDIUM,['Project expenditure is among the highest 1%'],40,HIGH,"['Project expenditure is among the highest 0.5%', 'Extremely high payment concentration per vendor']",85.05096064747282,44.27,MEDIUM,4,"['Machine learning anomaly models detected unusual project behavior', 'Rule-based risk indicators were detected', 'Financial risk indicators were detected', 'Statistical financial anomalies were detected', 'Multiple independent AI risk engines detected suspicious patterns']",VERY HIGH,20,MEDIUM,['Project expenditure is among the highest 1%'],40,HIGH,"['Project expenditure is among the highest 0.5%', 'Extremely high payment concentration per vendor']",['Moderately unusual anomaly pattern detected.'],"['Compare this project with similar projects in the same category and region.', 'Prioritize this project for immediate investigation.', 'Prioritize this project for detailed audit.']","# EXECUTIVE SUMMARY  
The project “WS/MP18249/2025-2026/153603” has been flagged by multiple independent risk engines. The Unified AI Risk Engine reports a medium risk level with a high confidence score, while the Machine Learning Ensemble indicates a high risk level and a combined anomaly score exceeding 0.5. These signals warrant a focused review to confirm compliance and identify any potential issues.

# PROJECT OVERVIEW  
- **Work ID:** WS/MP18249/2025-2026/153603  
- **State:** Not available in the provided evidence.  
- **Constituency:** Not available in the provided evidence.  
- **Work Category:** Not available in the provided evidence.  
- **Work Description:** Not available in the provided evidence.  
- **Work Status:** Not available in the provided evidence.

# RISK CLASSIFICATION  
- **Final AI risk level:** MEDIUM  
- **Final AI risk score:** 44.27  
- **Detection confidence:** VERY HIGH  
- **Active risk engines:** 4  
- **Primary risk source:** Not available in the provided evidence.

# KEY VERIFIED RISK INDICATORS  
- Unified AI Risk Engine: Medium risk level, score 44.27, very high confidence, 4 active engines.  
- Machine Learning Ensemble: High risk level, combined anomaly score 0.5103057638848443.

# FINANCIAL OBSERVATIONS  
- **Recommended amount:** Not available in the provided evidence.  
- **Sanction amount:** Not available in the provided evidence.  
- **Total expenditure:** Not available in the provided evidence.  
- **Expenditure relationships:** Not available in the provided evidence.  
- **Financial risk engine findings:** Not available in the provided evidence.

# PAYMENT OBSERVATIONS  
- **Payment count:** Not available in the provided evidence.  
- **Unique vendors:** Not available in the provided evidence.  
- **Payments per vendor:** Not available in the provided evidence.  
- **Payment concentration risk indicators:** Not available in the provided evidence.

# STATISTICAL ANOMALY OBSERVATIONS  
- Statistical anomaly engine findings: Not available in the provided evidence.

# MACHINE LEARNING OBSERVATIONS  
- **Ensemble risk level:** HIGH  
- **Combined anomaly score:** 0.5103057638848443  
- **Ensemble anomaly flag:** Not available in the provided evidence.

# WHY THIS PROJECT WAS FLAGGED  
The project was flagged because:  
1. The Unified AI Risk Engine identified a medium risk level with a high confidence score, indicating potential concerns that merit review.  
2. The Machine Learning Ensemble flagged a high risk level and produced a combined anomaly score above 0.5, a threshold commonly used to signal significant deviations from expected patterns.  
3. Four independent risk engines were active, providing corroborative signals that increase the likelihood of a genuine risk rather than a false positive.

# INVESTIGATION PRIORITIES  
- **HIGH PRIORITY:**  
  - Review the Machine Learning Ensemble findings (high risk level, anomaly score >0.5).  
- **MEDIUM PRIORITY:**  
  - Examine the Unified AI Risk Engine results (medium risk level, high confidence).  
- **LOW PRIORITY:**  
  - No additional low‑priority actions are warranted based on the current evidence.

# RECOMMENDED NEXT STEPS  
- **Verify expenditure records** against any available financial documentation.  
- **Review payment documentation** to assess vendor relationships and payment patterns.  
- **Compare with similar projects** to contextualize risk indicators.  
- **Validate sanction compliance** once sanction amounts become available.  

These actions are aligned with the risk signals identified and will help confirm whether the anomalies represent legitimate concerns.

# FINAL ASSESSMENT  
The detected anomalies are risk indicators requiring verification and do not independently establish wrongdoing. A focused audit of the project’s financial and payment records, guided by the identified risk signals, will provide the necessary evidence to confirm compliance or uncover any substantive issues."
WS/MP18272/2024-2025/136068,0.503945009269077,HIGH,10.0,LOW,['Moderately unusual anomaly pattern detected.'],['Perform additional monitoring of the project.'],20,MEDIUM,['Project expenditure is among the highest 1%'],40,HIGH,"['Project expenditure is among the highest 0.5%', 'Extremely high payment concentration per vendor']",83.9908348781783,43.9,MEDIUM,4,"['Machine learning anomaly models detected unusual project behavior', 'Rule-based risk indicators were detected', 'Financial risk indicators were detected', 'Statistical financial anomalies were detected', 'Multiple independent AI risk engines detected suspicious patterns']",VERY HIGH,20,MEDIUM,['Project expenditure is among the highest 1%'],40,HIGH,"['Project expenditure is among the highest 0.5%', 'Extremely high payment concentration per vendor']",['Moderately unusual anomaly pattern detected.'],"['Compare this project with similar projects in the same category and region.', 'Prioritize this project for immediate investigation.', 'Prioritize this project for detailed audit.']","# EXECUTIVE SUMMARY  
The project **WS/MP18272/2024-2025/136068** has been flagged by multiple independent risk engines. The Unified AI Risk Engine reports a medium risk level (score = 43.9) with very high detection confidence, while the Machine Learning Ensemble Engine indicates a high risk level and a combined anomaly score of 0.504. These signals warrant a focused review to confirm compliance and identify any potential issues.

# PROJECT OVERVIEW  
- **Work ID:** WS/MP18272/2024-2025/136068  
- **State:** Not available in the provided evidence.  
- **Constituency:** Not available in the provided evidence.  
- **Work Category:** Not available in the provided evidence.  
- **Work Description:** Not available in the provided evidence.  
- **Work Status:** Not available in the provided evidence.

# RISK CLASSIFICATION  
- **Final AI risk level:** MEDIUM  
- **Final AI risk score:** 43.9  
- **Detection confidence:** VERY HIGH  
- **Active risk engines:** 4  
- **Primary risk source:** Not available in the provided evidence.

# KEY VERIFIED RISK INDICATORS  
1. Unified AI Risk Engine: score = 43.9, level = MEDIUM, confidence = VERY HIGH, active engines = 4.  
2. Machine Learning Ensemble Engine: ensemble risk level = HIGH, combined anomaly score = 0.503945009269077.

# FINANCIAL OBSERVATIONS  
- **Recommended amount:** Not available in the provided evidence.  
- **Sanction amount:** Not available in the provided evidence.  
- **Total expenditure:** Not available in the provided evidence.  
- **Expenditure relationships:** Not available in the provided evidence.  
- **Financial risk engine findings:** Not available in the provided evidence.

# PAYMENT OBSERVATIONS  
- **Payment count:** Not available in the provided evidence.  
- **Unique vendors:** Not available in the provided evidence.  
- **Payments per vendor:** Not available in the provided evidence.  
- **Payment concentration risk indicators:** Not available in the provided evidence.

# STATISTICAL ANOMALY OBSERVATIONS  
- **Statistical anomaly score:** Not available in the provided evidence.  
- **Statistical anomaly level:** Not available in the provided evidence.  
- **Statistical anomaly factors:** Not available in the provided evidence.

# MACHINE LEARNING OBSERVATIONS  
- **Ensemble risk level:** HIGH  
- **Combined anomaly score:** 0.503945009269077  
- **Ensemble anomaly flag:** Not available in the provided evidence.

# WHY THIS PROJECT WAS FLAGGED  
The project was flagged because it triggered risk signals in multiple engines:  
- The Unified AI Risk Engine identified a medium risk level with very high confidence, indicating potential concerns that merit review.  
- The Machine Learning Ensemble Engine flagged a high risk level and a combined anomaly score above 0.5, suggesting anomalous patterns that warrant further investigation.  
These independent signals collectively elevate the overall risk profile, though they do not constitute evidence of wrongdoing.

# INVESTIGATION PRIORITIES  

| Priority | Focus Area | Rationale |
|----------|------------|-----------|
| **HIGH** | Machine Learning anomaly verification | Ensemble risk level is HIGH and anomaly score > 0.5. |
| **MEDIUM** | AI risk level confirmation | Unified AI risk level is MEDIUM with very high confidence. |
| **LOW** | None identified | No additional risk indicators are available. |

# RECOMMENDED NEXT STEPS  
1. **Verify expenditure records** – confirm that all disbursements align with the project scope and budget.  
2. **Review payment documentation** – ensure that payments are made to legitimate vendors and that documentation supports the amounts.  
3. **Compare with similar projects** – benchmark key metrics (e.g., expenditure ratios, vendor concentration) against comparable initiatives.  
4. **Validate sanction compliance** – confirm that all payments and procurements comply with applicable regulations and sanctions.  

These actions are directly supported by the risk evidence and will help clarify the nature of the flagged anomalies.

# FINAL ASSESSMENT  
The detected anomalies are risk indicators that require verification and do not independently establish wrongdoing. A focused review, guided by the high‑priority ML anomaly signal and the medium‑level AI risk, will provide the necessary clarity to determine whether any corrective actions are warranted."
WS/MP18161/2024-2025/138108,0.4678601415224886,CRITICAL,40.0,HIGH,"['Both anomaly detection models identified this project as unusual.', 'Moderately unusual anomaly pattern detected.']","['Conduct an immediate detailed audit of the project.', 'Perform additional monitoring of the project.']",12,LOW,['Extremely high number of payment transactions'],15,MEDIUM,['Extremely high number of payment transactions'],77.97669025374698,42.69,HIGH,4,"['Machine learning anomaly models detected unusual project behavior', 'Rule-based risk indicators were detected', 'Financial risk indicators were detected', 'Statistical financial anomalies were detected', 'Multiple independent AI risk engines detected suspicious patterns']",VERY HIGH,12,LOW,['Extremely high number of payment transactions'],15,MEDIUM,['Extremely high number of payment transactions'],"['Both anomaly detection models identified this project as unusual.', 'Moderately unusual anomaly pattern detected.']","['Review the triggered rule-based risk conditions.', 'Conduct a preliminary verification.', 'Prioritize this project for detailed audit.']","# EXECUTIVE SUMMARY  
The Unified AI Risk Engine assigned a **HIGH** risk level with a score of **42.69** and a **VERY HIGH** confidence rating. Additionally, the Machine Learning Engine flagged the project as **CRITICAL** with a combined anomaly score of **0.4678601415224886**. These independent risk signals, derived from four active engines, indicate that the project warrants a focused audit to verify compliance and financial integrity.

# PROJECT OVERVIEW  
- **Work ID:** WS/MP18161/2024-2025/138108  
- **State, Constituency, Work Category, Work Description, Work Status:** Not available in the provided evidence.  

# RISK CLASSIFICATION  
- **Final AI risk level:** HIGH  
- **Final AI risk score:** 42.69  
- **Detection confidence:** VERY HIGH  
- **Active risk engines:** 4  
- **Primary risk source:** Not available in the provided evidence.  

# KEY VERIFIED RISK INDICATORS  
- **Unified AI Risk Engine:**  
  - Final AI risk score: 42.69  
  - Final AI risk level: HIGH  
  - Detection confidence: VERY HIGH  
  - Active risk engines: 4  
- **Machine Learning Engine:**  
  - Ensemble risk level: CRITICAL  
  - Combined anomaly score: 0.4678601415224886  

# FINANCIAL OBSERVATIONS  
- **Recommended amount:** Not available in the provided evidence.  
- **Sanction amount:** Not available in the provided evidence.  
- **Total expenditure:** Not available in the provided evidence.  
- **Expenditure relationships:** Not available in the provided evidence.  
- **Financial risk engine findings:** Not available in the provided evidence.  

# PAYMENT OBSERVATIONS  
- **Payment count:** Not available in the provided evidence.  
- **Unique vendors:** Not available in the provided evidence.  
- **Payments per vendor:** Not available in the provided evidence.  
- **Payment concentration risk indicators:** Not available in the provided evidence.  

# STATISTICAL ANOMALY OBSERVATIONS  
- **Statistical anomaly score:** Not available in the provided evidence.  
- **Statistical anomaly level:** Not available in the provided evidence.  
- **Statistical anomaly factors:** Not available in the provided evidence.  

# MACHINE LEARNING OBSERVATIONS  
- **Ensemble risk level:** CRITICAL  
- **Combined anomaly score:** 0.4678601415224886  
- **Ensemble anomaly flag:** Not available in the provided evidence.  

# WHY THIS PROJECT WAS FLAGGED  
The project was flagged due to the convergence of risk signals from multiple independent engines:  
1. The Unified AI Risk Engine identified a high risk score with very high confidence, indicating potential irregularities.  
2. The Machine Learning Engine independently classified the project as critical, corroborating the high risk assessment.  
These engines operate on distinct data sets and methodologies; their agreement strengthens the need for verification but does not constitute proof of wrongdoing.

# INVESTIGATION PRIORITIES  
- **HIGH PRIORITY:**  
  - Verify expenditure records against sanction amounts.  
  - Review payment documentation for consistency with project scope.  
- **MEDIUM PRIORITY:**  
  - Compare project metrics with similar projects in the same category.  
  - Validate vendor engagement and contract compliance.  
- **LOW PRIORITY:**  
  - Monitor ongoing payments for emerging anomalies.  

# RECOMMENDED NEXT STEPS  
1. **Verify Expenditure Records** – Cross‑check all disbursements with the sanctioned budget (once available).  
2. **Review Payment Documentation** – Examine invoices, purchase orders, and payment vouchers for each vendor.  
3. **Benchmark Against Similar Projects** – Identify comparable projects to assess typical expenditure patterns.  
4. **Validate Sanction Compliance** – Ensure all payments align with the approved work scope and timelines.  

These actions are directly supported by the high risk scores and anomaly indicators identified by the Unified AI and Machine Learning engines.

# FINAL ASSESSMENT  
The detected anomalies are risk indicators that warrant verification. They do **not** independently establish wrongdoing. A systematic audit of financial and payment records, guided by the recommendations above, will provide the necessary evidence to confirm compliance or identify any substantive issues."
WS/MP18019/2026-2027/139500,0.5306969175324975,HIGH,10.0,LOW,['Moderately unusual anomaly pattern detected.'],['Perform additional monitoring of the project.'],20,MEDIUM,['Project expenditure is among the highest 1%'],25,MEDIUM,['Project expenditure is among the highest 0.5%'],88.44948625541498,42.46,MEDIUM,4,"['Machine learning anomaly models detected unusual project behavior', 'Rule-based risk indicators were detected', 'Financial risk indicators were detected', 'Statistical financial anomalies were detected', 'Multiple independent AI risk engines detected suspicious patterns']",VERY HIGH,20,MEDIUM,['Project expenditure is among the highest 1%'],25,MEDIUM,['Project expenditure is among the highest 0.5%'],['Moderately unusual anomaly pattern detected.'],"['Compare this project with similar projects in the same category and region.', 'Prioritize this project for immediate investigation.', 'Prioritize this project for detailed audit.']","# EXECUTIVE SUMMARY  
The Unified AI Risk Engine has assigned a **MEDIUM** risk level (score 42.46) to project **WS/MP18019/2026-2027/139500** with **VERY HIGH** detection confidence. Four independent risk engines contributed to this assessment, and the Machine Learning Ensemble flagged the project as **HIGH** risk with a combined anomaly score of **0.5307**. These signals warrant a focused review to confirm compliance and identify any potential irregularities.

# PROJECT OVERVIEW  
- **Work ID:** WS/MP18019/2026-2027/139500  
- **State:** Not available in the provided evidence.  
- **Constituency:** Not available in the provided evidence.  
- **Work Category:** Not available in the provided evidence.  
- **Work Description:** Not available in the provided evidence.  
- **Work Status:** Not available in the provided evidence.  

# RISK CLASSIFICATION  
- **Final AI risk level:** MEDIUM  
- **Final AI risk score:** 42.46  
- **Detection confidence:** VERY HIGH  
- **Active risk engines:** 4  
- **Primary risk source:** Not available in the provided evidence.  

# KEY VERIFIED RISK INDICATORS  
1. Unified AI Risk Level: MEDIUM  
2. Unified AI Risk Score: 42.46  
3. Detection Confidence: VERY HIGH  
4. Active Risk Engines: 4  
5. Machine Learning Ensemble Risk Level: HIGH  
6. Machine Learning Combined Anomaly Score: 0.5306969175324975  

# FINANCIAL OBSERVATIONS  
- **Recommended amount:** Not available in the provided evidence.  
- **Sanction amount:** Not available in the provided evidence.  
- **Total expenditure:** Not available in the provided evidence.  
- **Expenditure relationships:** Not available in the provided evidence.  
- **Financial risk engine findings:** Not available in the provided evidence.  

# PAYMENT OBSERVATIONS  
- **Payment count:** Not available in the provided evidence.  
- **Unique vendors:** Not available in the provided evidence.  
- **Payments per vendor:** Not available in the provided evidence.  
- **Payment concentration risk indicators:** Not available in the provided evidence.  

# STATISTICAL ANOMALY OBSERVATIONS  
- **Statistical anomaly score:** Not available in the provided evidence.  
- **Statistical anomaly level:** Not available in the provided evidence.  
- **Statistical anomaly factors:** Not available in the provided evidence.  

# MACHINE LEARNING OBSERVATIONS  
- **Ensemble risk level:** HIGH  
- **Combined anomaly score:** 0.5306969175324975  
- **Ensemble is anomaly:** Not available in the provided evidence.  

# WHY THIS PROJECT WAS FLAGGED  
The project was flagged because:  
1. The Unified AI Risk Engine identified a medium risk level with a high confidence rating, indicating that multiple internal checks have flagged potential concerns.  
2. Four independent risk engines were active, providing corroborative signals.  
3. The Machine Learning Ensemble independently classified the project as high risk and produced a combined anomaly score exceeding 0.5, a threshold commonly used to flag significant deviations.  
These independent signals collectively elevate the need for a detailed audit, though they do not constitute proof of wrongdoing.

# INVESTIGATION PRIORITIES  

| Priority | Rationale |
|----------|-----------|
| **HIGH** | Machine Learning Ensemble risk level HIGH and anomaly score 0.5307. |
| **MEDIUM** | Unified AI Risk Level MEDIUM with VERY HIGH detection confidence. |
| **LOW** | No additional risk indicators available. |

# RECOMMENDED NEXT STEPS  
1. **Verify expenditure records** against the project’s sanction amount and recommended budget once those figures become available.  
2. **Review payment documentation** to assess vendor relationships and payment patterns.  
3. **Compare the project’s financial and payment metrics** with similar projects in the same category to identify outliers.  
4. **Validate sanction compliance** by ensuring all disbursements align with approved amounts and timelines.  

These actions are directly supported by the risk evidence and will help confirm whether the flagged anomalies reflect legitimate concerns or are benign variations.

# FINAL ASSESSMENT  
The detected anomalies are risk indicators requiring verification and do not independently establish wrongdoing. The project’s medium AI risk level, high detection confidence, and the Machine Learning Ensemble’s high risk classification collectively suggest that a focused audit is warranted to confirm compliance and rule out any potential irregularities."
WS/MP243/2025-2026/141109,0.5271910759611934,HIGH,10.0,LOW,['Moderately unusual anomaly pattern detected.'],['Perform additional monitoring of the project.'],20,MEDIUM,['Project expenditure is among the highest 1%'],25,MEDIUM,['Project expenditure is among the highest 0.5%'],87.86517932686431,42.25,MEDIUM,4,"['Machine learning anomaly models detected unusual project behavior', 'Rule-based risk indicators were detected', 'Financial risk indicators were detected', 'Statistical financial anomalies were detected', 'Multiple independent AI risk engines detected suspicious patterns']",VERY HIGH,20,MEDIUM,['Project expenditure is among the highest 1%'],25,MEDIUM,['Project expenditure is among the highest 0.5%'],['Moderately unusual anomaly pattern detected.'],"['Compare this project with similar projects in the same category and region.', 'Prioritize this project for immediate investigation.', 'Prioritize this project for detailed audit.']","# EXECUTIVE SUMMARY  
The Unified AI Risk Engine has assigned a **MEDIUM** risk level with a score of **42.25** and a **VERY HIGH** confidence rating. Additionally, the Machine Learning Ensemble flagged a **HIGH** risk level with a combined anomaly score of **0.5271910759611934**. These independent signals warrant a focused review to confirm that the project’s financial and operational activities remain compliant with statutory requirements.

# PROJECT OVERVIEW  
- **Work ID:** WS/MP243/2025-2026/141109  
- **State:** Not available in the provided evidence.  
- **Constituency:** Not available in the provided evidence.  
- **Work Category:** Not available in the provided evidence.  
- **Work Description:** Not available in the provided evidence.  
- **Work Status:** Not available in the provided evidence.  

# RISK CLASSIFICATION  
- **Final AI risk level:** MEDIUM  
- **Final AI risk score:** 42.25  
- **Detection confidence:** VERY HIGH  
- **Active risk engines:** 4  
- **Primary risk source:** Not available in the provided evidence.  

# KEY VERIFIED RISK INDICATORS  
- Unified AI Risk Engine: MEDIUM risk level, score 42.25, VERY HIGH confidence, 4 active engines.  
- Machine Learning Ensemble: HIGH risk level, combined anomaly score 0.5271910759611934.  

# FINANCIAL OBSERVATIONS  
- **Recommended amount:** Not available in the provided evidence.  
- **Sanction amount:** Not available in the provided evidence.  
- **Total expenditure:** Not available in the provided evidence.  
- **Expenditure relationships:** Not available in the provided evidence.  
- **Financial risk engine findings:** No data available.  

# PAYMENT OBSERVATIONS  
- **Payment count:** Not available in the provided evidence.  
- **Unique vendors:** Not available in the provided evidence.  
- **Payments per vendor:** Not available in the provided evidence.  
- **Payment concentration risk indicators:** Not available in the provided evidence.  

# STATISTICAL ANOMALY OBSERVATIONS  
No data were provided by the Statistical Anomaly Engine.  

# MACHINE LEARNING OBSERVATIONS  
- **Ensemble risk level:** HIGH  
- **Combined anomaly score:** 0.5271910759611934  
- **Ensemble anomaly flag:** Not available in the provided evidence.  

# WHY THIS PROJECT WAS FLAGGED  
The project was flagged due to the convergence of two independent risk signals:  
1. The Unified AI Risk Engine’s MEDIUM risk level with a high confidence rating.  
2. The Machine Learning Ensemble’s HIGH risk level and significant anomaly score.  
These signals, while not proof of wrongdoing, indicate potential areas that merit further scrutiny.

# INVESTIGATION PRIORITIES  

| Priority Level | Focus Area |
|----------------|------------|
| **HIGH PRIORITY** | Verify the Machine Learning Ensemble anomaly findings and assess the underlying data that produced the 0.527 anomaly score. |
| **MEDIUM PRIORITY** | Review the Unified AI Risk Engine’s inputs and methodology that led to the MEDIUM risk level and score of 42.25. |
| **LOW PRIORITY** | None identified based on current evidence. |

# RECOMMENDED NEXT STEPS  
- **Verify expenditure records** against the project’s sanction and recommended amounts once those figures become available.  
- **Review payment documentation** to confirm vendor legitimacy and payment distribution.  
- **Compare with similar projects** in the same category to benchmark risk scores and anomaly metrics.  
- **Validate sanction compliance** by cross‑checking the project’s financial data with the sanctioned budget.  

# FINAL ASSESSMENT  
The detected anomalies are risk indicators that require verification and do not independently establish wrongdoing. A systematic review of the project’s financial and payment records, guided by the identified risk signals, will provide the necessary assurance of compliance."
WS/MP18254/2024-2025/156814,0.4314152976951212,MEDIUM,0.0,LOW,['No major rule-based risk indicators were detected.'],['Continue regular project monitoring.'],20,MEDIUM,['Project expenditure is among the highest 1%'],65,CRITICAL,"['Project expenditure is among the highest 0.5%', 'Extremely high number of payment transactions', 'Extremely high payment concentration per vendor', 'Multiple independent statistical anomalies detected']",71.9025496158525,42.17,HIGH,3,"['Financial risk indicators were detected', 'Statistical financial anomalies were detected', 'Multiple independent AI risk engines detected suspicious patterns']",HIGH,20,MEDIUM,['Project expenditure is among the highest 1%'],65,CRITICAL,"['Project expenditure is among the highest 0.5%', 'Extremely high number of payment transactions', 'Extremely high payment concentration per vendor', 'Multiple independent statistical anomalies detected']",['No major rule-based risk indicators were detected.'],"['Compare this project with similar projects in the same category and region.', 'Schedule a detailed risk review.', 'Prioritize this project for detailed audit.']","# EXECUTIVE SUMMARY  
The Unified AI Risk Engine has assigned a **HIGH** risk level (score 42.17) to project **WS/MP18254/2024-2025/156814** with high detection confidence. Multiple independent risk engines (three active) contributed to this assessment, indicating that the project warrants focused review to confirm compliance and financial integrity.

# PROJECT OVERVIEW  
- **Work ID:** WS/MP18254/2024-2025/156814  
- **State:** Not available in the provided evidence.  
- **Constituency:** Not available in the provided evidence.  
- **Work Category:** Not available in the provided evidence.  
- **Work Description:** Not available in the provided evidence.  
- **Work Status:** Not available in the provided evidence.  

# RISK CLASSIFICATION  
- **Final AI risk level:** HIGH  
- **Final AI risk score:** 42.17  
- **Detection confidence:** HIGH  
- **Active risk engines:** 3  
- **Primary risk source:** Not available in the provided evidence.  

# KEY VERIFIED RISK INDICATORS  
- Unified AI Risk Engine: HIGH risk level, score 42.17, high confidence.  
- Machine Learning Engine: MEDIUM ensemble risk level, combined anomaly score 0.4314.  

# FINANCIAL OBSERVATIONS  
- **Recommended amount:** Not available in the provided evidence.  
- **Sanction amount:** Not available in the provided evidence.  
- **Total expenditure:** Not available in the provided evidence.  
- **Expenditure relationships:** Not available in the provided evidence.  
- **Financial risk engine findings:** No data available.  

# PAYMENT OBSERVATIONS  
- **Payment count:** Not available in the provided evidence.  
- **Unique vendors:** Not available in the provided evidence.  
- **Payments per vendor:** Not available in the provided evidence.  
- **Payment concentration risk indicators:** Not available in the provided evidence.  

# STATISTICAL ANOMALY OBSERVATIONS  
No statistical anomaly data were provided in the evidence.  

# MACHINE LEARNING OBSERVATIONS  
- **Ensemble risk level:** MEDIUM  
- **Combined anomaly score:** 0.4314152976951212  
- **Ensemble anomaly flag:** Not available in the provided evidence.  

# WHY THIS PROJECT WAS FLAGGED  
The project was flagged because the Unified AI Risk Engine identified a high‑risk score with high confidence, and the Machine Learning Engine also flagged a medium‑level anomaly. The presence of three active risk engines suggests that multiple independent analytical models have detected potential irregularities, warranting further scrutiny.

# INVESTIGATION PRIORITIES  

| Priority | Rationale |
|----------|-----------|
| **HIGH PRIORITY** | Unified AI Risk Engine’s high risk level and confidence. |
| **MEDIUM PRIORITY** | Machine Learning Engine’s medium risk level and anomaly score. |
| **LOW PRIORITY** | No additional risk indicators identified. |

# RECOMMENDED NEXT STEPS  
1. **Verify expenditure records** against the project’s sanction and recommended amounts once those figures become available.  
2. **Review payment documentation** to confirm vendor legitimacy and payment consistency.  
3. **Compare with similar projects** in the same category (once category data is available) to assess relative risk.  
4. **Validate sanction compliance** by cross‑checking disbursement schedules with approved budgets.  

These actions are aligned with the risk signals identified and will help determine whether the anomalies represent genuine compliance issues.

# FINAL ASSESSMENT  
The detected anomalies are risk indicators that require verification and do not independently establish wrongdoing. Further investigation is necessary to confirm compliance with financial and procurement regulations."
