work_id,state,ida,honble_members_of_parliament,constituency,work_category,work_description,recommended_date,recommended_amount,sanction_date,sanction_amount,work_status,completion_date,completed_amount_disbursed,total_expenditure,payment_count,unique_vendors,has_sanction,has_completion,has_expenditure,sanction_delay_days,completion_duration_days,sanction_difference,expenditure_ratio,sanction_ratio,expenditure_difference,completion_amount_ratio,completion_amount_difference,payments_per_vendor,financial_year,recommended_year,recommended_month,ml_anomaly_score,ensemble_is_anomaly,both_models_anomaly,model_agreement,primary_ml_source,ensemble_risk_level,ml_available,ml_detected,rule_risk_score,risk_factors,financial_risk_score,financial_risk_level,financial_risk_factors,statistical_anomaly_score,statistical_anomaly_level,statistical_anomaly_factors,rule_available,financial_available,statistical_available,ml_normalized_score,rule_normalized_score,financial_normalized_score,statistical_normalized_score,rule_detected,financial_detected,statistical_detected,active_risk_engines,available_risk_engines,base_risk_score,consensus_bonus,final_ai_risk_score,final_ai_risk_level,risk_detection_confidence,primary_risk_source,combined_risk_factors,combined_risk_factor_count,detecting_engines,investigation_priority_score,investigation_priority_category,investigation_rank,risk_level,risk_score,priority_score,priority_category,active_risk_engines_summary,detecting_engines_summary,verified_observations
WS/MP459/2025-2026/149089,Tamil Nadu,CHENNAI(COMMISSIONER MUNCIPAL CORPORATION CHENNAI_IDA),T Sumathy (A) Thamizhachi Thangapandian,CHENNAI SOUTH,Normal/Others,"Construction of First Floor in UPHC, Radhakrishnan Salai. Zone - 10, Ward - 133",2024-10-23,12000000.0,2025-10-14,12000000.0,Work Completed,,,10478968.0,3.0,1.0,1,0,1,356.0,,0.0,0.8732473333333334,1.0,-1521032.0,,,3.0,2025-2026,2024,10,100.0,1,1,BOTH_MODELS,ISOLATION_FOREST + LOF,CRITICAL,1,1,20.0,['Very high combined anomaly score detected.'],20,MEDIUM,['Project expenditure is among the highest 1%'],65,CRITICAL,"['Project expenditure is among the highest 0.5%', 'Extremely high number of payment transactions', 'Extremely high payment concentration per vendor', 'Multiple independent statistical anomalies detected']",1,1,1,100.0,50.0,32.25806451612903,100.0,1,1,1,4,4,73.95161290322581,20,93.95,CRITICAL,VERY HIGH,Multi-Engine Consensus,"[""['Very high combined anomaly score detected.']"", ""['Project expenditure is among the highest 1%']"", ""['Project expenditure is among the highest 0.5%', 'Extremely high number of payment transactions', 'Extremely high payment concentration per vendor', 'Multiple independent statistical anomalies detected']""]",3,"ML Anomaly, Rule-Based, Financial, Statistical",100.0,P1 - IMMEDIATE REVIEW,1,CRITICAL,93.95,100.0,P1 - IMMEDIATE REVIEW,4,"ML Anomaly, Rule-Based, Financial, Statistical",Final AI risk score: 93.95 | Final AI risk level: CRITICAL | 4 independent risk engines detected significant risk signals. | Recorded expenditure ratio: 0.8732473333333334 | Payment count: 3.0 | Unique vendors: 1.0
WS/MP18065/2026-2027/152353,Haryana,ROHTAK(DEPUTY COMMISSIONER ROHTAK_IDA),DEEPENDER SINGH HOODA,ROHTAK,Normal/Others,Const. of New Charitable Dispensary at Baba Balak Puri Charitable Trust Rohtak,2024-11-14,2100000.0,,,,,,1697302.0,10.0,2.0,0,0,1,,,,,,,,,5.0,2026-2027,2024,11,92.55440338834526,1,0,ISOLATION_FOREST_ONLY,ISOLATION_FOREST,MEDIUM,1,1,10.0,['Moderately unusual anomaly pattern detected.'],55,HIGH,"['Project expenditure is unusually high', 'Extremely high number of payment transactions', 'High payment concentration among vendors', 'Large number of payments concentrated among very few vendors', 'Multiple independent financial risk indicators detected']",50,HIGH,"['Project expenditure is statistically high', 'Extremely high number of payment transactions', 'Extremely high payment concentration per vendor', 'Multiple independent statistical anomalies detected']",1,1,1,92.55440338834526,25.0,88.70967741935483,76.92307692307693,1,1,1,4,4,71.77059205440719,20,91.77,CRITICAL,VERY HIGH,Multi-Engine Consensus,"[""['Moderately unusual anomaly pattern detected.']"", ""['Project expenditure is unusually high', 'Extremely high number of payment transactions', 'High payment concentration among vendors', 'Large number of payments concentrated among very few vendors', 'Multiple independent financial risk indicators detected']"", ""['Project expenditure is statistically high', 'Extremely high number of payment transactions', 'Extremely high payment concentration per vendor', 'Multiple independent statistical anomalies detected']""]",3,"ML Anomaly, Rule-Based, Financial, Statistical",100.0,P1 - IMMEDIATE REVIEW,2,CRITICAL,91.77,100.0,P1 - IMMEDIATE REVIEW,4,"ML Anomaly, Rule-Based, Financial, Statistical",Final AI risk score: 91.77 | Final AI risk level: CRITICAL | 4 independent risk engines detected significant risk signals. | Payment count: 10.0 | Unique vendors: 2.0
WS/MP18009/2024-2025/154261,Andhra Pradesh,Sri Sathya Sai(DISTRICT COLLECTOR SRI SATHYA SAI_IDA),B K PARTHASARATHI,HINDUPUR,Normal/Others,construction of community hall at survey no:782-2a & 782-2c of somandepalli village,2024-11-23,7963254.0,,,,2026-08-19,7963254.0,7963254.0,3.0,1.0,0,1,1,,,,,,,,,3.0,2024-2025,2024,11,100.0,1,1,BOTH_MODELS,ISOLATION_FOREST + LOF,CRITICAL,1,1,10.0,['Moderately unusual anomaly pattern detected.'],20,MEDIUM,['Project expenditure is among the highest 1%'],65,CRITICAL,"['Project expenditure is among the highest 0.5%', 'Extremely high number of payment transactions', 'Extremely high payment concentration per vendor', 'Multiple independent statistical anomalies detected']",1,1,1,100.0,25.0,32.25806451612903,100.0,1,1,1,4,4,67.70161290322581,20,87.7,CRITICAL,VERY HIGH,Multi-Engine Consensus,"[""['Moderately unusual anomaly pattern detected.']"", ""['Project expenditure is among the highest 1%']"", ""['Project expenditure is among the highest 0.5%', 'Extremely high number of payment transactions', 'Extremely high payment concentration per vendor', 'Multiple independent statistical anomalies detected']""]",3,"ML Anomaly, Rule-Based, Financial, Statistical",100.0,P1 - IMMEDIATE REVIEW,3,CRITICAL,87.7,100.0,P1 - IMMEDIATE REVIEW,4,"ML Anomaly, Rule-Based, Financial, Statistical",Final AI risk score: 87.7 | Final AI risk level: CRITICAL | 4 independent risk engines detected significant risk signals. | Payment count: 3.0 | Unique vendors: 1.0
WS/MP18309/2024-2025/155212,Meghalaya,WEST GARO HILLS(DEPUTY COMMISSIONER WEST GARO HILLS_IDA),SALENG A SANGMA,TURA,Normal/Others,For supply of water pipeline and water pump for 50 different villages within Dalu Block.,2024-11-26,10000000.0,,,,,,10000000.0,3.0,1.0,0,0,1,,,,,,,,,3.0,2024-2025,2024,11,100.0,1,1,BOTH_MODELS,ISOLATION_FOREST + LOF,CRITICAL,1,1,10.0,['Moderately unusual anomaly pattern detected.'],20,MEDIUM,['Project expenditure is among the highest 1%'],65,CRITICAL,"['Project expenditure is among the highest 0.5%', 'Extremely high number of payment transactions', 'Extremely high payment concentration per vendor', 'Multiple independent statistical anomalies detected']",1,1,1,100.0,25.0,32.25806451612903,100.0,1,1,1,4,4,67.70161290322581,20,87.7,CRITICAL,VERY HIGH,Multi-Engine Consensus,"[""['Moderately unusual anomaly pattern detected.']"", ""['Project expenditure is among the highest 1%']"", ""['Project expenditure is among the highest 0.5%', 'Extremely high number of payment transactions', 'Extremely high payment concentration per vendor', 'Multiple independent statistical anomalies detected']""]",3,"ML Anomaly, Rule-Based, Financial, Statistical",100.0,P1 - IMMEDIATE REVIEW,4,CRITICAL,87.7,100.0,P1 - IMMEDIATE REVIEW,4,"ML Anomaly, Rule-Based, Financial, Statistical",Final AI risk score: 87.7 | Final AI risk level: CRITICAL | 4 independent risk engines detected significant risk signals. | Payment count: 3.0 | Unique vendors: 1.0
WS/MP18309/2024-2025/155216,Meghalaya,WEST GARO HILLS(DEPUTY COMMISSIONER WEST GARO HILLS_IDA),SALENG A SANGMA,TURA,Normal/Others,For supply of water pipeline and water pump in 50 different villages within Gambegre Block.,2024-11-26,10000000.0,,,,,,10000000.0,3.0,1.0,0,0,1,,,,,,,,,3.0,2024-2025,2024,11,100.0,1,1,BOTH_MODELS,ISOLATION_FOREST + LOF,CRITICAL,1,1,10.0,['Moderately unusual anomaly pattern detected.'],20,MEDIUM,['Project expenditure is among the highest 1%'],65,CRITICAL,"['Project expenditure is among the highest 0.5%', 'Extremely high number of payment transactions', 'Extremely high payment concentration per vendor', 'Multiple independent statistical anomalies detected']",1,1,1,100.0,25.0,32.25806451612903,100.0,1,1,1,4,4,67.70161290322581,20,87.7,CRITICAL,VERY HIGH,Multi-Engine Consensus,"[""['Moderately unusual anomaly pattern detected.']"", ""['Project expenditure is among the highest 1%']"", ""['Project expenditure is among the highest 0.5%', 'Extremely high number of payment transactions', 'Extremely high payment concentration per vendor', 'Multiple independent statistical anomalies detected']""]",3,"ML Anomaly, Rule-Based, Financial, Statistical",100.0,P1 - IMMEDIATE REVIEW,5,CRITICAL,87.7,100.0,P1 - IMMEDIATE REVIEW,4,"ML Anomaly, Rule-Based, Financial, Statistical",Final AI risk score: 87.7 | Final AI risk level: CRITICAL | 4 independent risk engines detected significant risk signals. | Payment count: 3.0 | Unique vendors: 1.0
WS/MP243/2025-2026/141110,West Bengal,North 24 Parganas(DISTRICT MAGISTRATE NORTH TWENTY FOUR PARGANAS_IDA),Kakoli Ghosh Dastidar,BARASAT,Normal/Others,2 storied building for skill development centre,2024-09-15,9522744.0,2025-11-25,9522744.0,Physical Inspection,,,9522744.0,2.0,1.0,1,0,1,436.0,,0.0,1.0,1.0,0.0,,,2.0,2025-2026,2024,9,100.0,1,1,BOTH_MODELS,ISOLATION_FOREST + LOF,CRITICAL,1,1,20.0,['Very high combined anomaly score detected.'],20,MEDIUM,['Project expenditure is among the highest 1%'],40,HIGH,"['Project expenditure is among the highest 0.5%', 'Extremely high payment concentration per vendor']",1,1,1,100.0,50.0,32.25806451612903,61.53846153846154,1,1,1,4,4,66.25930521091811,20,86.26,CRITICAL,VERY HIGH,Multi-Engine Consensus,"[""['Very high combined anomaly score detected.']"", ""['Project expenditure is among the highest 1%']"", ""['Project expenditure is among the highest 0.5%', 'Extremely high payment concentration per vendor']""]",3,"ML Anomaly, Rule-Based, Financial, Statistical",100.0,P1 - IMMEDIATE REVIEW,6,CRITICAL,86.26,100.0,P1 - IMMEDIATE REVIEW,4,"ML Anomaly, Rule-Based, Financial, Statistical",Final AI risk score: 86.26 | Final AI risk level: CRITICAL | 4 independent risk engines detected significant risk signals. | Recorded expenditure ratio: 1.0 | Payment count: 2.0 | Unique vendors: 1.0
WS/MP391/2025-2026/146422,Tamil Nadu,CHENNAI(COMMISSIONER MUNCIPAL CORPORATION CHENNAI_IDA),Thiru Dayanidhi Maran,CHENNAI CENTRAL,Normal/Others,"CONSTRUCTION OF BOXING ACADEMY BUILDING IN GOPALAPURAM WARD 111, PART 25, ZONE 9 OF CHENNAI CENTRAL CONSITUENCY",2024-10-09,10000000.0,2025-12-06,10000000.0,Work Completed,,,9749010.0,2.0,1.0,1,0,1,423.0,,0.0,0.974901,1.0,-250990.0,,,2.0,2025-2026,2024,10,100.0,1,1,BOTH_MODELS,ISOLATION_FOREST + LOF,CRITICAL,1,1,20.0,['Very high combined anomaly score detected.'],20,MEDIUM,['Project expenditure is among the highest 1%'],40,HIGH,"['Project expenditure is among the highest 0.5%', 'Extremely high payment concentration per vendor']",1,1,1,100.0,50.0,32.25806451612903,61.53846153846154,1,1,1,4,4,66.25930521091811,20,86.26,CRITICAL,VERY HIGH,Multi-Engine Consensus,"[""['Very high combined anomaly score detected.']"", ""['Project expenditure is among the highest 1%']"", ""['Project expenditure is among the highest 0.5%', 'Extremely high payment concentration per vendor']""]",3,"ML Anomaly, Rule-Based, Financial, Statistical",100.0,P1 - IMMEDIATE REVIEW,7,CRITICAL,86.26,100.0,P1 - IMMEDIATE REVIEW,4,"ML Anomaly, Rule-Based, Financial, Statistical",Final AI risk score: 86.26 | Final AI risk level: CRITICAL | 4 independent risk engines detected significant risk signals. | Recorded expenditure ratio: 0.974901 | Payment count: 2.0 | Unique vendors: 1.0
WS/MP18109/2024-2025/150121,Madhya Pradesh,SIDHI(DISTRICT COLLECTOR SIDHI_IDA),DR. RAJESH MISHRA,SIDHI,Normal/Others,GRAM PANCHAYAT KUSHIYARI ME NH39 SE EGS SHALA LAKHIYA TOLA KHUSHIYARI TAK WBM SADAK NIRMAN,2024-10-30,1000000.0,2025-01-28,1000000.0,Vendor Identification,,,999900.0,12.0,1.0,1,0,1,90.0,,0.0,0.9999,1.0,-100.0,,,12.0,2024-2025,2024,10,66.88914853220388,1,0,ISOLATION_FOREST_ONLY,ISOLATION_FOREST,MEDIUM,1,1,10.0,['Moderately unusual anomaly pattern detected.'],62,CRITICAL,"['Project expenditure is unusually high', 'Extremely high number of payment transactions', 'Extremely high payment concentration among vendors', 'Large number of payments concentrated among very few vendors', 'Multiple independent financial risk indicators detected']",50,HIGH,"['Project expenditure is statistically high', 'Extremely high number of payment transactions', 'Extremely high payment concentration per vendor', 'Multiple independent statistical anomalies detected']",1,1,1,66.88914853220388,25.0,100.0,76.92307692307693,1,1,1,4,4,65.04581737088674,20,85.05,CRITICAL,VERY HIGH,Multi-Engine Consensus,"[""['Moderately unusual anomaly pattern detected.']"", ""['Project expenditure is unusually high', 'Extremely high number of payment transactions', 'Extremely high payment concentration among vendors', 'Large number of payments concentrated among very few vendors', 'Multiple independent financial risk indicators detected']"", ""['Project expenditure is statistically high', 'Extremely high number of payment transactions', 'Extremely high payment concentration per vendor', 'Multiple independent statistical anomalies detected']""]",3,"ML Anomaly, Rule-Based, Financial, Statistical",100.0,P1 - IMMEDIATE REVIEW,8,CRITICAL,85.05,100.0,P1 - IMMEDIATE REVIEW,4,"ML Anomaly, Rule-Based, Financial, Statistical",Final AI risk score: 85.05 | Final AI risk level: CRITICAL | 4 independent risk engines detected significant risk signals. | Recorded expenditure ratio: 0.9999 | Payment count: 12.0 | Unique vendors: 1.0
WS/MP18355/2025-2026/158359,Karnataka,BENGALURU URBAN(DEPUTY COMMISSIONER BANGALORE URBAN_IDA),SHOBHA KARANDLAJE,BANGALORE NORTH,Normal/Others,"Construction of Yoga Center at Pulakeshi Nagar Ward No-78 Stephens Road,Elephants Park",2024-12-12,3000000.0,,,,,,2999973.0,4.0,1.0,0,0,1,,,,,,,,,4.0,2025-2026,2024,12,91.60508251789103,1,0,ISOLATION_FOREST_ONLY,ISOLATION_FOREST,MEDIUM,1,1,10.0,['Moderately unusual anomaly pattern detected.'],20,MEDIUM,['Project expenditure is among the highest 1%'],65,CRITICAL,"['Project expenditure is among the highest 0.5%', 'Extremely high number of payment transactions', 'Extremely high payment concentration per vendor', 'Multiple independent statistical anomalies detected']",1,1,1,91.60508251789103,25.0,32.25806451612903,100.0,1,1,1,4,4,64.76339178448767,20,84.76,CRITICAL,VERY HIGH,Multi-Engine Consensus,"[""['Moderately unusual anomaly pattern detected.']"", ""['Project expenditure is among the highest 1%']"", ""['Project expenditure is among the highest 0.5%', 'Extremely high number of payment transactions', 'Extremely high payment concentration per vendor', 'Multiple independent statistical anomalies detected']""]",3,"ML Anomaly, Rule-Based, Financial, Statistical",100.0,P1 - IMMEDIATE REVIEW,9,CRITICAL,84.76,100.0,P1 - IMMEDIATE REVIEW,4,"ML Anomaly, Rule-Based, Financial, Statistical",Final AI risk score: 84.76 | Final AI risk level: CRITICAL | 4 independent risk engines detected significant risk signals. | Payment count: 4.0 | Unique vendors: 1.0
WS/MP643/2024-2025/146592,Madhya Pradesh,Khandwa (East Nimar)(DISTRICT COLLECTOR EAST NIMAR_IDA),Gyaneshwar Patil,KHANDWA,Normal/Others,near kunbhi samaj go shala singot bhavan nirman,2024-10-10,1500000.0,2025-01-02,1500000.0,Vendor Identification,,,1104530.0,31.0,14.0,1,0,1,84.0,,0.0,0.7363533333333333,1.0,-395470.0,,,2.2142857142857144,2024-2025,2024,10,84.90433766613116,1,0,ISOLATION_FOREST_ONLY,ISOLATION_FOREST,MEDIUM,1,1,20.0,['Very high combined anomaly score detected.'],22,MEDIUM,"['Project expenditure is unusually high', 'Extremely high number of payment transactions']",50,HIGH,"['Project expenditure is statistically high', 'Extremely high number of payment transactions', 'Extremely high payment concentration per vendor', 'Multiple independent statistical anomalies detected']",1,1,1,84.90433766613116,50.0,35.483870967741936,76.92307692307693,1,1,1,4,4,64.69790776130968,20,84.7,CRITICAL,VERY HIGH,Multi-Engine Consensus,"[""['Very high combined anomaly score detected.']"", ""['Project expenditure is unusually high', 'Extremely high number of payment transactions']"", ""['Project expenditure is statistically high', 'Extremely high number of payment transactions', 'Extremely high payment concentration per vendor', 'Multiple independent statistical anomalies detected']""]",3,"ML Anomaly, Rule-Based, Financial, Statistical",100.0,P1 - IMMEDIATE REVIEW,10,CRITICAL,84.7,100.0,P1 - IMMEDIATE REVIEW,4,"ML Anomaly, Rule-Based, Financial, Statistical",Final AI risk score: 84.7 | Final AI risk level: CRITICAL | 4 independent risk engines detected significant risk signals. | Recorded expenditure ratio: 0.7363533333333333 | Payment count: 31.0 | Unique vendors: 14.0
WS/MP18248/2024-2025/150128,West Bengal,PURBA BARDHAMAN(DISTRICT MAGISTRATE PURBA BARDHAMAN_IDA),DR. SHARMILA SARKAR,BARDHAMAN PURBA(SC),Normal/Others,"Construction of meeting hall cum training center at Katwa 2 Dev Block office under  Katwa 2 Dev Block , Purba Bardhaman",2024-10-30,3000000.0,2025-02-25,3000000.0,Work Completed,,,2444263.0,3.0,1.0,1,0,1,118.0,,0.0,0.8147543333333334,1.0,-555737.0,,,3.0,2024-2025,2024,10,90.65868263473054,1,0,ISOLATION_FOREST_ONLY,ISOLATION_FOREST,MEDIUM,1,1,10.0,['Moderately unusual anomaly pattern detected.'],20,MEDIUM,['Project expenditure is among the highest 1%'],65,CRITICAL,"['Project expenditure is among the highest 0.5%', 'Extremely high number of payment transactions', 'Extremely high payment concentration per vendor', 'Multiple independent statistical anomalies detected']",1,1,1,90.65868263473054,25.0,32.25806451612903,100.0,1,1,1,4,4,64.4321518253815,20,84.43,CRITICAL,VERY HIGH,Multi-Engine Consensus,"[""['Moderately unusual anomaly pattern detected.']"", ""['Project expenditure is among the highest 1%']"", ""['Project expenditure is among the highest 0.5%', 'Extremely high number of payment transactions', 'Extremely high payment concentration per vendor', 'Multiple independent statistical anomalies detected']""]",3,"ML Anomaly, Rule-Based, Financial, Statistical",100.0,P1 - IMMEDIATE REVIEW,11,CRITICAL,84.43,100.0,P1 - IMMEDIATE REVIEW,4,"ML Anomaly, Rule-Based, Financial, Statistical",Final AI risk score: 84.43 | Final AI risk level: CRITICAL | 4 independent risk engines detected significant risk signals. | Recorded expenditure ratio: 0.8147543333333334 | Payment count: 3.0 | Unique vendors: 1.0
WS/MP484/2024-2025/150090,West Bengal,KOLKATA(COMMISSIONER KOLKATA MUNICIPAL CORPORATION_IDA),Mala Roy,KOLKATA DAKSHIN,Normal/Others,"CONSTRUCTION OF PROPOSED G+V STORIED EDUCATIONAL BUILDING FOR USE OF ENGLISH MEDIUM SCHOOL, 17 DEBI CHOWDHURY ROAD, KOLKATA - 700024 UNDER WARD NO. 79",2024-10-30,10000000.0,2024-12-17,10000000.0,Vendor Identification,,,10000000.0,1.0,1.0,1,0,1,48.0,,0.0,1.0,1.0,0.0,,,1.0,2024-2025,2024,10,100.0,1,1,BOTH_MODELS,ISOLATION_FOREST + LOF,CRITICAL,1,1,20.0,['Very high combined anomaly score detected.'],20,MEDIUM,['Project expenditure is among the highest 1%'],25,MEDIUM,['Project expenditure is among the highest 0.5%'],1,1,1,100.0,50.0,32.25806451612903,38.46153846153847,1,1,1,4,4,61.6439205955335,20,81.64,CRITICAL,VERY HIGH,Multi-Engine Consensus,"[""['Very high combined anomaly score detected.']"", ""['Project expenditure is among the highest 1%']"", ""['Project expenditure is among the highest 0.5%']""]",3,"ML Anomaly, Rule-Based, Financial, Statistical",100.0,P1 - IMMEDIATE REVIEW,12,CRITICAL,81.64,100.0,P1 - IMMEDIATE REVIEW,4,"ML Anomaly, Rule-Based, Financial, Statistical",Final AI risk score: 81.64 | Final AI risk level: CRITICAL | 4 independent risk engines detected significant risk signals. | Recorded expenditure ratio: 1.0 | Payment count: 1.0 | Unique vendors: 1.0
WS/MP18277/2025-2026/149810,West Bengal,PURBA BARDHAMAN(DISTRICT MAGISTRATE PURBA BARDHAMAN_IDA),AZAD KIRTI JHA,BARDHAMAN-DURGAPUR,Normal/Others,"Construction of community hall at Bhatar bazar Plot No:2816/2817/2806, JL No:-63, Mouza:-Palar",2024-10-29,10000000.0,2025-05-21,10000000.0,Vendor Identification,,,5758516.0,1.0,1.0,1,0,1,204.0,,0.0,0.5758516,1.0,-4241484.0,,,1.0,2025-2026,2024,10,98.74981743829414,1,0,ISOLATION_FOREST_ONLY,ISOLATION_FOREST,HIGH,1,1,20.0,['Very high combined anomaly score detected.'],20,MEDIUM,['Project expenditure is among the highest 1%'],25,MEDIUM,['Project expenditure is among the highest 0.5%'],1,1,1,98.74981743829414,50.0,32.25806451612903,38.46153846153847,1,1,1,4,4,61.206356698936446,20,81.21,CRITICAL,VERY HIGH,Multi-Engine Consensus,"[""['Very high combined anomaly score detected.']"", ""['Project expenditure is among the highest 1%']"", ""['Project expenditure is among the highest 0.5%']""]",3,"ML Anomaly, Rule-Based, Financial, Statistical",100.0,P1 - IMMEDIATE REVIEW,13,CRITICAL,81.21,100.0,P1 - IMMEDIATE REVIEW,4,"ML Anomaly, Rule-Based, Financial, Statistical",Final AI risk score: 81.21 | Final AI risk level: CRITICAL | 4 independent risk engines detected significant risk signals. | Recorded expenditure ratio: 0.5758516 | Payment count: 1.0 | Unique vendors: 1.0
WS/MP18249/2025-2026/153603,West Bengal,North 24 Parganas(DISTRICT MAGISTRATE NORTH TWENTY FOUR PARGANAS_IDA),PARTHA BHOWMICK,BARRACKPUR,Normal/Others,Development of Bhatpara State General Hospital.,2024-11-21,20000000.0,,,,,,15004801.0,2.0,1.0,0,0,1,,,,,,,,,2.0,2025-2026,2024,11,100.0,1,1,BOTH_MODELS,ISOLATION_FOREST + LOF,CRITICAL,1,1,10.0,['Moderately unusual anomaly pattern detected.'],20,MEDIUM,['Project expenditure is among the highest 1%'],40,HIGH,"['Project expenditure is among the highest 0.5%', 'Extremely high payment concentration per vendor']",1,1,1,100.0,25.0,32.25806451612903,61.53846153846154,1,1,1,4,4,60.009305210918114,20,80.01,CRITICAL,VERY HIGH,Multi-Engine Consensus,"[""['Moderately unusual anomaly pattern detected.']"", ""['Project expenditure is among the highest 1%']"", ""['Project expenditure is among the highest 0.5%', 'Extremely high payment concentration per vendor']""]",3,"ML Anomaly, Rule-Based, Financial, Statistical",100.0,P1 - IMMEDIATE REVIEW,14,CRITICAL,80.01,100.0,P1 - IMMEDIATE REVIEW,4,"ML Anomaly, Rule-Based, Financial, Statistical",Final AI risk score: 80.01 | Final AI risk level: CRITICAL | 4 independent risk engines detected significant risk signals. | Payment count: 2.0 | Unique vendors: 1.0
WS/MP18152/2024-2025/141888,Punjab,MOGA(Deputy Commissioner Moga),SARABJEET SINGH KHALSA,FARIDKOT(SC),Normal/Others,Construction of community centers and community halls,2024-09-20,2000000.0,2024-12-03,2000000.0,Vendor Identification,,,1437441.0,12.0,3.0,1,0,1,74.0,,0.0,0.7187205,1.0,-562559.0,,,4.0,2024-2025,2024,9,70.93909741492624,1,0,ISOLATION_FOREST_ONLY,ISOLATION_FOREST,MEDIUM,1,1,10.0,['Moderately unusual anomaly pattern detected.'],40,HIGH,"['Project expenditure is unusually high', 'Extremely high number of payment transactions', 'High payment concentration among vendors', 'Multiple independent financial risk indicators detected']",50,HIGH,"['Project expenditure is statistically high', 'Extremely high number of payment transactions', 'Extremely high payment concentration per vendor', 'Multiple independent statistical anomalies detected']",1,1,1,70.93909741492624,25.0,64.51612903225806,76.92307692307693,1,1,1,4,4,59.36652528629119,20,79.37,CRITICAL,VERY HIGH,Multi-Engine Consensus,"[""['Moderately unusual anomaly pattern detected.']"", ""['Project expenditure is unusually high', 'Extremely high number of payment transactions', 'High payment concentration among vendors', 'Multiple independent financial risk indicators detected']"", ""['Project expenditure is statistically high', 'Extremely high number of payment transactions', 'Extremely high payment concentration per vendor', 'Multiple independent statistical anomalies detected']""]",3,"ML Anomaly, Rule-Based, Financial, Statistical",100.0,P1 - IMMEDIATE REVIEW,15,CRITICAL,79.37,100.0,P1 - IMMEDIATE REVIEW,4,"ML Anomaly, Rule-Based, Financial, Statistical",Final AI risk score: 79.37 | Final AI risk level: CRITICAL | 4 independent risk engines detected significant risk signals. | Recorded expenditure ratio: 0.7187205 | Payment count: 12.0 | Unique vendors: 3.0
WS/MP18272/2024-2025/136068,West Bengal,Jhargram(DISTRICT MAGISTRATE JHARGRAM_IDA),KALIPADA SAREN,JHARGRAM(ST),Normal/Others,Construction of 45 Beded New Hostel Building of Belpahari S.C. High School (H.S.).,2024-09-02,4947386.0,2024-12-31,4947386.0,Physical Inspection,,,4947386.0,2.0,1.0,1,0,1,120.0,,0.0,1.0,1.0,0.0,,,2.0,2024-2025,2024,9,97.7245508982036,1,0,ISOLATION_FOREST_ONLY,ISOLATION_FOREST,HIGH,1,1,10.0,['Moderately unusual anomaly pattern detected.'],20,MEDIUM,['Project expenditure is among the highest 1%'],40,HIGH,"['Project expenditure is among the highest 0.5%', 'Extremely high payment concentration per vendor']",1,1,1,97.7245508982036,25.0,32.25806451612903,61.53846153846154,1,1,1,4,4,59.21289802528937,20,79.21,CRITICAL,VERY HIGH,Multi-Engine Consensus,"[""['Moderately unusual anomaly pattern detected.']"", ""['Project expenditure is among the highest 1%']"", ""['Project expenditure is among the highest 0.5%', 'Extremely high payment concentration per vendor']""]",3,"ML Anomaly, Rule-Based, Financial, Statistical",100.0,P1 - IMMEDIATE REVIEW,16,CRITICAL,79.21,100.0,P1 - IMMEDIATE REVIEW,4,"ML Anomaly, Rule-Based, Financial, Statistical",Final AI risk score: 79.21 | Final AI risk level: CRITICAL | 4 independent risk engines detected significant risk signals. | Recorded expenditure ratio: 1.0 | Payment count: 2.0 | Unique vendors: 1.0
WS/MP743/2025-2026/142092,Tamil Nadu,Kancheepuram(DISTRICT COLLECTOR KANCHEEPURAM_IDA),Ganesan Selvam,KANCHEEPURAM(SC),Normal/Others,"Construction of Community Hall at Naickenkuppam Panchayat, Walajabad Panchayat Union.",2024-09-20,3993140.0,2025-04-12,3993140.0,Physical Inspection,,,3993140.0,2.0,1.0,1,0,1,204.0,,0.0,1.0,1.0,0.0,,,2.0,2025-2026,2024,9,94.49101796407186,1,0,ISOLATION_FOREST_ONLY,ISOLATION_FOREST,MEDIUM,1,1,10.0,['Moderately unusual anomaly pattern detected.'],20,MEDIUM,['Project expenditure is among the highest 1%'],40,HIGH,"['Project expenditure is among the highest 0.5%', 'Extremely high payment concentration per vendor']",1,1,1,94.49101796407186,25.0,32.25806451612903,61.53846153846154,1,1,1,4,4,58.08116149834326,20,78.08,CRITICAL,VERY HIGH,Multi-Engine Consensus,"[""['Moderately unusual anomaly pattern detected.']"", ""['Project expenditure is among the highest 1%']"", ""['Project expenditure is among the highest 0.5%', 'Extremely high payment concentration per vendor']""]",3,"ML Anomaly, Rule-Based, Financial, Statistical",100.0,P1 - IMMEDIATE REVIEW,17,CRITICAL,78.08,100.0,P1 - IMMEDIATE REVIEW,4,"ML Anomaly, Rule-Based, Financial, Statistical",Final AI risk score: 78.08 | Final AI risk level: CRITICAL | 4 independent risk engines detected significant risk signals. | Recorded expenditure ratio: 1.0 | Payment count: 2.0 | Unique vendors: 1.0
WS/MP352/2025-2026/135862,Kerala,ERNAKULAM(DISTRICT COLLECTOR ERNAKULAM_IDA),Shri Hibi Eden,ERNAKULAM,Normal/Others,"Construction of Smart Anganwadi at Ward 21, Chellanam Grama Panchayath",2024-08-16,2362903.0,2025-09-23,2362903.0,Physical Inspection,,,2362903.0,5.0,4.0,1,0,1,403.0,,0.0,1.0,1.0,0.0,,,1.25,2025-2026,2024,8,89.38221118738133,1,0,ISOLATION_FOREST_ONLY,ISOLATION_FOREST,MEDIUM,1,1,10.0,['Moderately unusual anomaly pattern detected.'],26,MEDIUM,"['Project expenditure is among the highest 1%', 'Unusually high number of payment transactions']",33,MEDIUM,"['Project expenditure is among the highest 1%', 'Extremely high number of payment transactions']",1,1,1,89.38221118738133,25.0,41.935483870967744,50.76923076923077,1,1,1,4,4,56.07471684362317,20,76.07,CRITICAL,VERY HIGH,Multi-Engine Consensus,"[""['Moderately unusual anomaly pattern detected.']"", ""['Project expenditure is among the highest 1%', 'Unusually high number of payment transactions']"", ""['Project expenditure is among the highest 1%', 'Extremely high number of payment transactions']""]",3,"ML Anomaly, Rule-Based, Financial, Statistical",100.0,P1 - IMMEDIATE REVIEW,18,CRITICAL,76.07,100.0,P1 - IMMEDIATE REVIEW,4,"ML Anomaly, Rule-Based, Financial, Statistical",Final AI risk score: 76.07 | Final AI risk level: CRITICAL | 4 independent risk engines detected significant risk signals. | Recorded expenditure ratio: 1.0 | Payment count: 5.0 | Unique vendors: 4.0
WS/MP18249/2025-2026/153601,West Bengal,North 24 Parganas(DISTRICT MAGISTRATE NORTH TWENTY FOUR PARGANAS_IDA),PARTHA BHOWMICK,BARRACKPUR,Normal/Others,Development of Naihati State General Hospital.,2024-11-21,20000000.0,,,,,,8601839.0,1.0,1.0,0,0,1,,,,,,,,,1.0,2025-2026,2024,11,100.0,1,1,BOTH_MODELS,ISOLATION_FOREST + LOF,CRITICAL,1,1,10.0,['Moderately unusual anomaly pattern detected.'],20,MEDIUM,['Project expenditure is among the highest 1%'],25,MEDIUM,['Project expenditure is among the highest 0.5%'],1,1,1,100.0,25.0,32.25806451612903,38.46153846153847,1,1,1,4,4,55.3939205955335,20,75.39,CRITICAL,VERY HIGH,Multi-Engine Consensus,"[""['Moderately unusual anomaly pattern detected.']"", ""['Project expenditure is among the highest 1%']"", ""['Project expenditure is among the highest 0.5%']""]",3,"ML Anomaly, Rule-Based, Financial, Statistical",100.0,P1 - IMMEDIATE REVIEW,19,CRITICAL,75.39,100.0,P1 - IMMEDIATE REVIEW,4,"ML Anomaly, Rule-Based, Financial, Statistical",Final AI risk score: 75.39 | Final AI risk level: CRITICAL | 4 independent risk engines detected significant risk signals. | Payment count: 1.0 | Unique vendors: 1.0
WS/MP243/2025-2026/141109,West Bengal,North 24 Parganas(DISTRICT MAGISTRATE NORTH TWENTY FOUR PARGANAS_IDA),Kakoli Ghosh Dastidar,BARASAT,Normal/Others,200 solar light,2024-09-15,6803986.0,2025-06-25,6803986.0,Physical Inspection,,,6803986.0,1.0,1.0,1,0,1,283.0,,0.0,1.0,1.0,0.0,,,1.0,2025-2026,2024,9,98.8871038410983,1,0,ISOLATION_FOREST_ONLY,ISOLATION_FOREST,HIGH,1,1,10.0,['Moderately unusual anomaly pattern detected.'],20,MEDIUM,['Project expenditure is among the highest 1%'],25,MEDIUM,['Project expenditure is among the highest 0.5%'],1,1,1,98.8871038410983,25.0,32.25806451612903,38.46153846153847,1,1,1,4,4,55.0044069399179,20,75.0,CRITICAL,VERY HIGH,Multi-Engine Consensus,"[""['Moderately unusual anomaly pattern detected.']"", ""['Project expenditure is among the highest 1%']"", ""['Project expenditure is among the highest 0.5%']""]",3,"ML Anomaly, Rule-Based, Financial, Statistical",100.0,P1 - IMMEDIATE REVIEW,20,CRITICAL,75.0,100.0,P1 - IMMEDIATE REVIEW,4,"ML Anomaly, Rule-Based, Financial, Statistical",Final AI risk score: 75.0 | Final AI risk level: CRITICAL | 4 independent risk engines detected significant risk signals. | Recorded expenditure ratio: 1.0 | Payment count: 1.0 | Unique vendors: 1.0
WS/MP745/2025-2026/141315,Tamil Nadu,ERODE(DISTRICT_COLLECTORE_ERODE_IDA),K Subbarayan,TIRUPPUR,Normal/Others,"gobi,kugalur-B,(pommanaayakkan palaiyam)consraction pf community hall at gobi",2024-09-16,6000000.0,2025-10-15,6000000.0,Physical Inspection,,,6000000.0,1.0,1.0,1,0,1,394.0,,0.0,1.0,1.0,0.0,,,1.0,2025-2026,2024,9,98.79947422228716,1,0,ISOLATION_FOREST_ONLY,ISOLATION_FOREST,HIGH,1,1,10.0,['Moderately unusual anomaly pattern detected.'],20,MEDIUM,['Project expenditure is among the highest 1%'],25,MEDIUM,['Project expenditure is among the highest 0.5%'],1,1,1,98.79947422228716,25.0,32.25806451612903,38.46153846153847,1,1,1,4,4,54.973736573334,20,74.97,HIGH,VERY HIGH,Multi-Engine Consensus,"[""['Moderately unusual anomaly pattern detected.']"", ""['Project expenditure is among the highest 1%']"", ""['Project expenditure is among the highest 0.5%']""]",3,"ML Anomaly, Rule-Based, Financial, Statistical",84.99,P2 - HIGH PRIORITY,21,HIGH,74.97,84.99,P2 - HIGH PRIORITY,4,"ML Anomaly, Rule-Based, Financial, Statistical",Final AI risk score: 74.97 | Final AI risk level: HIGH | 4 independent risk engines detected significant risk signals. | Recorded expenditure ratio: 1.0 | Payment count: 1.0 | Unique vendors: 1.0
WS/MP745/2025-2026/144827,Tamil Nadu,TIRUPPUR(DISTRICT COLLECTOR TIRUPPUR_IDA),K Subbarayan,TIRUPPUR,Normal/Others,Construction of community Hall H/O vallipuram panchayat.,2024-09-30,5295000.0,2026-02-20,5295000.0,Work Completed,,,5260434.0,1.0,1.0,1,0,1,508.0,,0.0,0.993471954674221,1.0,-34566.0,,,1.0,2025-2026,2024,9,98.03417555133636,1,0,ISOLATION_FOREST_ONLY,ISOLATION_FOREST,HIGH,1,1,10.0,['Moderately unusual anomaly pattern detected.'],20,MEDIUM,['Project expenditure is among the highest 1%'],25,MEDIUM,['Project expenditure is among the highest 0.5%'],1,1,1,98.03417555133636,25.0,32.25806451612903,38.46153846153847,1,1,1,4,4,54.70588203850122,20,74.71,HIGH,VERY HIGH,Multi-Engine Consensus,"[""['Moderately unusual anomaly pattern detected.']"", ""['Project expenditure is among the highest 1%']"", ""['Project expenditure is among the highest 0.5%']""]",3,"ML Anomaly, Rule-Based, Financial, Statistical",84.88,P2 - HIGH PRIORITY,22,HIGH,74.71,84.88,P2 - HIGH PRIORITY,4,"ML Anomaly, Rule-Based, Financial, Statistical",Final AI risk score: 74.71 | Final AI risk level: HIGH | 4 independent risk engines detected significant risk signals. | Recorded expenditure ratio: 0.993471954674221 | Payment count: 1.0 | Unique vendors: 1.0
WS/MP18019/2026-2027/139500,Assam,DIMA HASAO(DEPUTY COMMISSIONER Dima Hasao_IDA),AMARSING TISSO,Diphu (ST),Normal/Others,"Construction of Community Building with Library, Guest Room, Conference Room at Haflong, Dima Hasao District (Total Estd. Cost:- Rs. 1.00 Cr.) 1st Installment Rs. 50.00 Lakhs",2024-09-06,5000000.0,2026-07-31,5000000.0,Physical Inspection,,,4998740.0,2.0,2.0,1,0,1,693.0,,0.0,0.999748,1.0,-1260.0,,,1.0,2026-2027,2024,9,97.80341755513363,1,0,ISOLATION_FOREST_ONLY,ISOLATION_FOREST,HIGH,1,1,10.0,['Moderately unusual anomaly pattern detected.'],20,MEDIUM,['Project expenditure is among the highest 1%'],25,MEDIUM,['Project expenditure is among the highest 0.5%'],1,1,1,97.80341755513363,25.0,32.25806451612903,38.46153846153847,1,1,1,4,4,54.62511673983027,20,74.63,HIGH,VERY HIGH,Multi-Engine Consensus,"[""['Moderately unusual anomaly pattern detected.']"", ""['Project expenditure is among the highest 1%']"", ""['Project expenditure is among the highest 0.5%']""]",3,"ML Anomaly, Rule-Based, Financial, Statistical",84.85,P2 - HIGH PRIORITY,23,HIGH,74.63,84.85,P2 - HIGH PRIORITY,4,"ML Anomaly, Rule-Based, Financial, Statistical",Final AI risk score: 74.63 | Final AI risk level: HIGH | 4 independent risk engines detected significant risk signals. | Recorded expenditure ratio: 0.999748 | Payment count: 2.0 | Unique vendors: 2.0
WS/MP18172/2025-2026/156311,Rajasthan,PRATAPGARH(DISTRICT COLLECTOR PRATAPGARH_IDA),MANNA LAL RAWAT,UDAIPUR(ST),Normal/Others,dom development in GSSS chiklad,2024-12-08,1000000.0,,,,,,986250.0,12.0,10.0,0,0,1,,,,,,,,,1.2,2025-2026,2024,12,95.0109537023514,1,0,ISOLATION_FOREST_ONLY,ISOLATION_FOREST,HIGH,1,1,10.0,['Moderately unusual anomaly pattern detected.'],22,MEDIUM,"['Project expenditure is unusually high', 'Extremely high number of payment transactions']",25,MEDIUM,"['Project expenditure is statistically high', 'Extremely high number of payment transactions']",1,1,1,95.0109537023514,25.0,35.483870967741936,38.46153846153847,1,1,1,4,4,54.29291568167908,20,74.29,HIGH,VERY HIGH,Multi-Engine Consensus,"[""['Moderately unusual anomaly pattern detected.']"", ""['Project expenditure is unusually high', 'Extremely high number of payment transactions']"", ""['Project expenditure is statistically high', 'Extremely high number of payment transactions']""]",3,"ML Anomaly, Rule-Based, Financial, Statistical",84.72,P2 - HIGH PRIORITY,24,HIGH,74.29,84.72,P2 - HIGH PRIORITY,4,"ML Anomaly, Rule-Based, Financial, Statistical",Final AI risk score: 74.29 | Final AI risk level: HIGH | 4 independent risk engines detected significant risk signals. | Payment count: 12.0 | Unique vendors: 10.0
WS/MP18277/2024-2025/149787,West Bengal,PURBA BARDHAMAN(DISTRICT MAGISTRATE PURBA BARDHAMAN_IDA),AZAD KIRTI JHA,BARDHAMAN-DURGAPUR,Normal/Others,Approach Road beautification project by decorative lighting arrangement from GT Road Raj College More to Burdwan Raj College,2024-10-29,4422048.0,2024-11-27,4422048.0,Work Completed,,,4271709.0,1.0,1.0,1,0,1,29.0,,0.0,0.9660024043158284,1.0,-150339.0,,,1.0,2024-2025,2024,10,94.88243026142835,1,0,ISOLATION_FOREST_ONLY,ISOLATION_FOREST,MEDIUM,1,1,10.0,['Moderately unusual anomaly pattern detected.'],20,MEDIUM,['Project expenditure is among the highest 1%'],25,MEDIUM,['Project expenditure is among the highest 0.5%'],1,1,1,94.88243026142835,25.0,32.25806451612903,38.46153846153847,1,1,1,4,4,53.60277118703343,20,73.6,HIGH,VERY HIGH,Multi-Engine Consensus,"[""['Moderately unusual anomaly pattern detected.']"", ""['Project expenditure is among the highest 1%']"", ""['Project expenditure is among the highest 0.5%']""]",3,"ML Anomaly, Rule-Based, Financial, Statistical",84.44,P2 - HIGH PRIORITY,25,HIGH,73.6,84.44,P2 - HIGH PRIORITY,4,"ML Anomaly, Rule-Based, Financial, Statistical",Final AI risk score: 73.6 | Final AI risk level: HIGH | 4 independent risk engines detected significant risk signals. | Recorded expenditure ratio: 0.9660024043158284 | Payment count: 1.0 | Unique vendors: 1.0
WS/MP823/2024-2025/137367,West Bengal,NADIA(DISTRICT MAGISTRATE NADIA_IDA),Ms Mahua Moitra,KRISHNANAGAR,Normal/Others,"Construction of Chapra Bus Stand at Karimpur Krishnagar Road under Chapra GP, Chapra Block , Nadia.",2024-09-05,8800000.0,2024-12-11,8800000.0,Vendor Identification,,,2972015.0,1.0,1.0,1,0,1,97.0,,0.0,0.3377289772727272,1.0,-5827985.0,,,1.0,2024-2025,2024,9,91.4648751277932,1,0,ISOLATION_FOREST_ONLY,ISOLATION_FOREST,MEDIUM,1,1,10.0,['Moderately unusual anomaly pattern detected.'],20,MEDIUM,['Project expenditure is among the highest 1%'],25,MEDIUM,['Project expenditure is among the highest 0.5%'],1,1,1,91.4648751277932,25.0,32.25806451612903,38.46153846153847,1,1,1,4,4,52.40662689026112,20,72.41,HIGH,VERY HIGH,Multi-Engine Consensus,"[""['Moderately unusual anomaly pattern detected.']"", ""['Project expenditure is among the highest 1%']"", ""['Project expenditure is among the highest 0.5%']""]",3,"ML Anomaly, Rule-Based, Financial, Statistical",83.96,P2 - HIGH PRIORITY,26,HIGH,72.41,83.96,P2 - HIGH PRIORITY,4,"ML Anomaly, Rule-Based, Financial, Statistical",Final AI risk score: 72.41 | Final AI risk level: HIGH | 4 independent risk engines detected significant risk signals. | Recorded expenditure ratio: 0.3377289772727272 | Payment count: 1.0 | Unique vendors: 1.0
WS/MP643/2025-2026/146319,Madhya Pradesh,Khandwa (East Nimar)(DISTRICT COLLECTOR EAST NIMAR_IDA),Gyaneshwar Patil,KHANDWA,Normal/Others,tin shed nirman near rajput dharmshala,2024-10-08,700000.0,2025-04-22,700000.0,Physical Inspection,2026-04-17,700000.0,604900.0,18.0,5.0,1,1,1,196.0,360.0,0.0,0.8641428571428571,1.0,-95100.0,1.0,0.0,3.6,2025-2026,2024,10,69.54870746312253,1,0,ISOLATION_FOREST_ONLY,ISOLATION_FOREST,MEDIUM,1,1,10.0,['Moderately unusual anomaly pattern detected.'],20,MEDIUM,"['Extremely high number of payment transactions', 'High payment concentration among vendors']",30,MEDIUM,"['Extremely high number of payment transactions', 'Extremely high payment concentration per vendor']",1,1,1,69.54870746312253,25.0,32.25806451612903,46.15384615384615,1,1,1,4,4,46.274429746087925,20,66.27,HIGH,VERY HIGH,Multi-Engine Consensus,"[""['Moderately unusual anomaly pattern detected.']"", ""['Extremely high number of payment transactions', 'High payment concentration among vendors']"", ""['Extremely high number of payment transactions', 'Extremely high payment concentration per vendor']""]",3,"ML Anomaly, Rule-Based, Financial, Statistical",81.51,P2 - HIGH PRIORITY,27,HIGH,66.27,81.51,P2 - HIGH PRIORITY,4,"ML Anomaly, Rule-Based, Financial, Statistical",Final AI risk score: 66.27 | Final AI risk level: HIGH | 4 independent risk engines detected significant risk signals. | Recorded expenditure ratio: 0.8641428571428571 | Payment count: 18.0 | Unique vendors: 5.0
WS/MP640/2026-2027/151613,Madhya Pradesh,SEONI(District Collector Seoni_IDA),Faggan Singh Kulaste,MANDLA(ST),Normal/Others,"Construction of graval road gram evam gram panchayat suwakheda, janpad panchayat Chhapara",2024-11-09,1000000.0,,,,,,950495.0,6.0,1.0,0,0,1,,,,,,,,,6.0,2026-2027,2024,11,94.06747480648458,1,0,ISOLATION_FOREST_ONLY,ISOLATION_FOREST,MEDIUM,1,1,0.0,['No major rule-based risk indicators were detected.'],41,HIGH,"['Project expenditure is unusually high', 'Unusually high number of payment transactions', 'Extremely high payment concentration among vendors', 'Multiple independent financial risk indicators detected']",50,HIGH,"['Project expenditure is statistically high', 'Extremely high number of payment transactions', 'Extremely high payment concentration per vendor', 'Multiple independent statistical anomalies detected']",1,1,1,94.06747480648458,0.0,66.12903225806451,76.92307692307693,0,1,1,3,4,61.534038018497895,12,73.53,HIGH,HIGH,Multi-Engine Consensus,"[""['No major rule-based risk indicators were detected.']"", ""['Project expenditure is unusually high', 'Unusually high number of payment transactions', 'Extremely high payment concentration among vendors', 'Multiple independent financial risk indicators detected']"", ""['Project expenditure is statistically high', 'Extremely high number of payment transactions', 'Extremely high payment concentration per vendor', 'Multiple independent statistical anomalies detected']""]",3,"ML Anomaly, Financial, Statistical",77.41,P2 - HIGH PRIORITY,28,HIGH,73.53,77.41,P2 - HIGH PRIORITY,3,"ML Anomaly, Financial, Statistical",Final AI risk score: 73.53 | Final AI risk level: HIGH | 3 independent risk engines detected significant risk signals. | Payment count: 6.0 | Unique vendors: 1.0
WS/MP18152/2024-2025/140028,Punjab,MOGA(Deputy Commissioner Moga),SARABJEET SINGH KHALSA,FARIDKOT(SC),Normal/Others,Construction of SC Dharamshala,2024-09-09,400000.0,2024-12-20,400000.0,Vendor Identification,,,227448.0,5.0,2.0,1,0,1,102.0,,0.0,0.56862,1.0,-172552.0,,,2.5,2024-2025,2024,9,87.57119906528405,1,0,ISOLATION_FOREST_ONLY,ISOLATION_FOREST,MEDIUM,1,1,30.0,['Both anomaly detection models identified this project as unusual.'],6,LOW,['Unusually high number of payment transactions'],30,MEDIUM,"['Extremely high number of payment transactions', 'Extremely high payment concentration per vendor']",1,1,1,87.57119906528405,75.0,9.67741935483871,46.15384615384615,1,0,1,3,4,60.56617277458639,12,72.57,HIGH,HIGH,Multi-Engine Consensus,"[""['Both anomaly detection models identified this project as unusual.']"", ""['Unusually high number of payment transactions']"", ""['Extremely high number of payment transactions', 'Extremely high payment concentration per vendor']""]",3,"ML Anomaly, Rule-Based, Statistical",77.03,P2 - HIGH PRIORITY,29,HIGH,72.57,77.03,P2 - HIGH PRIORITY,3,"ML Anomaly, Rule-Based, Statistical",Final AI risk score: 72.57 | Final AI risk level: HIGH | 3 independent risk engines detected significant risk signals. | Recorded expenditure ratio: 0.56862 | Payment count: 5.0 | Unique vendors: 2.0
WS/MP18254/2024-2025/156814,West Bengal,Paschim Medinipur(DISTRICT MAGISTRATE PASCHIM MEDINIPUR_IDA),JUNE MALIAH,MEDINIPUR,Normal/Others,Construction of Boundary Wall and renovation  of Mohonpur Rural Hospital,2024-12-03,2994902.0,,,,,,2828285.0,3.0,1.0,0,0,1,,,,,,,,,3.0,2024-2025,2024,12,91.01212209726889,1,0,ISOLATION_FOREST_ONLY,ISOLATION_FOREST,MEDIUM,1,1,0.0,['No major rule-based risk indicators were detected.'],20,MEDIUM,['Project expenditure is among the highest 1%'],65,CRITICAL,"['Project expenditure is among the highest 0.5%', 'Extremely high number of payment transactions', 'Extremely high payment concentration per vendor', 'Multiple independent statistical anomalies detected']",1,1,1,91.01212209726889,0.0,32.25806451612903,100.0,0,1,1,3,4,58.30585563726992,12,70.31,HIGH,HIGH,Multi-Engine Consensus,"[""['No major rule-based risk indicators were detected.']"", ""['Project expenditure is among the highest 1%']"", ""['Project expenditure is among the highest 0.5%', 'Extremely high number of payment transactions', 'Extremely high payment concentration per vendor', 'Multiple independent statistical anomalies detected']""]",3,"ML Anomaly, Financial, Statistical",76.12,P2 - HIGH PRIORITY,30,HIGH,70.31,76.12,P2 - HIGH PRIORITY,3,"ML Anomaly, Financial, Statistical",Final AI risk score: 70.31 | Final AI risk level: HIGH | 3 independent risk engines detected significant risk signals. | Payment count: 3.0 | Unique vendors: 1.0
WS/MP18089/2025-2026/154775,Karnataka,BALLARI(DEPUTY COMMISSIONER BELLARY_IDA),K. RAJASHEKAR BASAVARAJ HITNAL,KOPPAL,Normal/Others,Construction of Continued Community Bhavan (Kanaka Bhavan) in halekote village of  Siraguppa constituency under Koppal Lok Sabha Constituency.,2024-11-25,2500000.0,,,,,,2451209.0,3.0,1.0,0,0,1,,,,,,,,,3.0,2025-2026,2024,11,90.6995764568424,1,0,ISOLATION_FOREST_ONLY,ISOLATION_FOREST,MEDIUM,1,1,0.0,['No major rule-based risk indicators were detected.'],20,MEDIUM,['Project expenditure is among the highest 1%'],65,CRITICAL,"['Project expenditure is among the highest 0.5%', 'Extremely high number of payment transactions', 'Extremely high payment concentration per vendor', 'Multiple independent statistical anomalies detected']",1,1,1,90.6995764568424,0.0,32.25806451612903,100.0,0,1,1,3,4,58.19646466312064,12,70.2,HIGH,HIGH,Multi-Engine Consensus,"[""['No major rule-based risk indicators were detected.']"", ""['Project expenditure is among the highest 1%']"", ""['Project expenditure is among the highest 0.5%', 'Extremely high number of payment transactions', 'Extremely high payment concentration per vendor', 'Multiple independent statistical anomalies detected']""]",3,"ML Anomaly, Financial, Statistical",76.08,P2 - HIGH PRIORITY,31,HIGH,70.2,76.08,P2 - HIGH PRIORITY,3,"ML Anomaly, Financial, Statistical",Final AI risk score: 70.2 | Final AI risk level: HIGH | 3 independent risk engines detected significant risk signals. | Payment count: 3.0 | Unique vendors: 1.0
WS/MP18355/2025-2026/158193,Karnataka,BENGALURU URBAN(DEPUTY COMMISSIONER BANGALORE URBAN_IDA),SHOBHA KARANDLAJE,BANGALORE NORTH,Normal/Others,Construction of anganawadi building at chokkasandra ward No.39,2024-12-12,2500000.0,,,,,,2500000.0,4.0,2.0,0,0,1,,,,,,,,,2.0,2025-2026,2024,12,90.10661603622025,1,0,ISOLATION_FOREST_ONLY,ISOLATION_FOREST,MEDIUM,1,1,0.0,['No major rule-based risk indicators were detected.'],20,MEDIUM,['Project expenditure is among the highest 1%'],65,CRITICAL,"['Project expenditure is among the highest 0.5%', 'Extremely high number of payment transactions', 'Extremely high payment concentration per vendor', 'Multiple independent statistical anomalies detected']",1,1,1,90.10661603622025,0.0,32.25806451612903,100.0,0,1,1,3,4,57.98892851590289,12,69.99,HIGH,HIGH,Multi-Engine Consensus,"[""['No major rule-based risk indicators were detected.']"", ""['Project expenditure is among the highest 1%']"", ""['Project expenditure is among the highest 0.5%', 'Extremely high number of payment transactions', 'Extremely high payment concentration per vendor', 'Multiple independent statistical anomalies detected']""]",3,"ML Anomaly, Financial, Statistical",76.0,P2 - HIGH PRIORITY,32,HIGH,69.99,76.0,P2 - HIGH PRIORITY,3,"ML Anomaly, Financial, Statistical",Final AI risk score: 69.99 | Final AI risk level: HIGH | 3 independent risk engines detected significant risk signals. | Payment count: 4.0 | Unique vendors: 2.0
WS/MP18109/2024-2025/146898,Madhya Pradesh,SIDHI(DISTRICT COLLECTOR SIDHI_IDA),DR. RAJESH MISHRA,SIDHI,Normal/Others,CHAUPHAL PAWAI ME KHALESEMAR MUKHYA MARG SE BAIGAN BASTI BRIDGE,2024-10-11,500000.0,2025-01-28,500000.0,Vendor Identification,,,498403.0,10.0,1.0,1,0,1,109.0,,0.0,0.996806,1.0,-1597.0,,,10.0,2024-2025,2024,10,86.19541404994888,1,0,ISOLATION_FOREST_ONLY,ISOLATION_FOREST,MEDIUM,1,1,0.0,['No major rule-based risk indicators were detected.'],52,HIGH,"['Extremely high number of payment transactions', 'Extremely high payment concentration among vendors', 'Large number of payments concentrated among very few vendors', 'Multiple independent financial risk indicators detected']",30,MEDIUM,"['Extremely high number of payment transactions', 'Extremely high payment concentration per vendor']",1,1,1,86.19541404994888,0.0,83.87096774193549,46.15384615384615,0,1,1,3,4,56.17335769663844,12,68.17,HIGH,HIGH,Multi-Engine Consensus,"[""['No major rule-based risk indicators were detected.']"", ""['Extremely high number of payment transactions', 'Extremely high payment concentration among vendors', 'Large number of payments concentrated among very few vendors', 'Multiple independent financial risk indicators detected']"", ""['Extremely high number of payment transactions', 'Extremely high payment concentration per vendor']""]",3,"ML Anomaly, Financial, Statistical",75.27,P2 - HIGH PRIORITY,33,HIGH,68.17,75.27,P2 - HIGH PRIORITY,3,"ML Anomaly, Financial, Statistical",Final AI risk score: 68.17 | Final AI risk level: HIGH | 3 independent risk engines detected significant risk signals. | Recorded expenditure ratio: 0.996806 | Payment count: 10.0 | Unique vendors: 1.0
WS/MP18023/2024-2025/144134,Assam,KAMRUP(DEPUTY COMMISSIONER KAMRUP_IDA),BIJULI KALITA MEDHI,GUWAHATI,Normal/Others,Construction of Open Stage for Cultural activities at Nagarbera Anchalik Rash Samity . Pin -781127,2024-09-28,800000.0,2025-03-28,800000.0,Physical Inspection,,,800000.0,6.0,1.0,1,0,1,181.0,,0.0,1.0,1.0,0.0,,,6.0,2024-2025,2024,9,77.1724842996933,1,0,ISOLATION_FOREST_ONLY,ISOLATION_FOREST,MEDIUM,1,1,0.0,['No major rule-based risk indicators were detected.'],41,HIGH,"['Project expenditure is unusually high', 'Unusually high number of payment transactions', 'Extremely high payment concentration among vendors', 'Multiple independent financial risk indicators detected']",50,HIGH,"['Project expenditure is statistically high', 'Extremely high number of payment transactions', 'Extremely high payment concentration per vendor', 'Multiple independent statistical anomalies detected']",1,1,1,77.1724842996933,0.0,66.12903225806451,76.92307692307693,0,1,1,3,4,55.62079134112094,12,67.62,HIGH,HIGH,Multi-Engine Consensus,"[""['No major rule-based risk indicators were detected.']"", ""['Project expenditure is unusually high', 'Unusually high number of payment transactions', 'Extremely high payment concentration among vendors', 'Multiple independent financial risk indicators detected']"", ""['Project expenditure is statistically high', 'Extremely high number of payment transactions', 'Extremely high payment concentration per vendor', 'Multiple independent statistical anomalies detected']""]",3,"ML Anomaly, Financial, Statistical",75.05,P2 - HIGH PRIORITY,34,HIGH,67.62,75.05,P2 - HIGH PRIORITY,3,"ML Anomaly, Financial, Statistical",Final AI risk score: 67.62 | Final AI risk level: HIGH | 3 independent risk engines detected significant risk signals. | Recorded expenditure ratio: 1.0 | Payment count: 6.0 | Unique vendors: 1.0
WS/MP18311/2024-2025/141029,Punjab,RUPNAGAR(DEPUTY COMMISSIONER ROOPNAGAR_IDA),MALVINDER SINGH KANG,ANANDPUR SAHIB,Normal/Others,Construction of community center for SC community at village Sandhoa,2024-09-16,400000.0,2024-09-24,400000.0,Vendor Identification,,,400000.0,10.0,5.0,1,0,1,8.0,,0.0,1.0,1.0,0.0,,,2.0,2024-2025,2024,9,66.76500657222141,1,0,ISOLATION_FOREST_ONLY,ISOLATION_FOREST,MEDIUM,1,1,30.0,['Both anomaly detection models identified this project as unusual.'],12,LOW,['Extremely high number of payment transactions'],30,MEDIUM,"['Extremely high number of payment transactions', 'Extremely high payment concentration per vendor']",1,1,1,66.76500657222141,75.0,19.35483870967742,46.15384615384615,1,0,1,3,4,55.21948927298221,12,67.22,HIGH,HIGH,Multi-Engine Consensus,"[""['Both anomaly detection models identified this project as unusual.']"", ""['Extremely high number of payment transactions']"", ""['Extremely high number of payment transactions', 'Extremely high payment concentration per vendor']""]",3,"ML Anomaly, Rule-Based, Statistical",74.89,P2 - HIGH PRIORITY,35,HIGH,67.22,74.89,P2 - HIGH PRIORITY,3,"ML Anomaly, Rule-Based, Statistical",Final AI risk score: 67.22 | Final AI risk level: HIGH | 3 independent risk engines detected significant risk signals. | Recorded expenditure ratio: 1.0 | Payment count: 10.0 | Unique vendors: 5.0
WS/MP722/2024-2025/153048,Rajasthan,BARAN(DISTRICT COLLECTOR BARAN_IDA),Dushyant Singh,JHALAWAR-BARAN,Normal/Others,"Swami Vivekand Vidhya Niketan, Behind Madhyamik Vidhyalay at Samraniya Community Hall  Constrection work (Work Agancy PWD Shahbad)",2024-11-18,2500000.0,,,,,,2314429.0,3.0,1.0,0,0,1,,,,,,,,,3.0,2024-2025,2024,11,87.86037680736088,1,0,ISOLATION_FOREST_ONLY,ISOLATION_FOREST,MEDIUM,1,1,0.0,['No major rule-based risk indicators were detected.'],20,MEDIUM,['Project expenditure is among the highest 1%'],58,HIGH,"['Project expenditure is among the highest 1%', 'Extremely high number of payment transactions', 'Extremely high payment concentration per vendor', 'Multiple independent statistical anomalies detected']",1,1,1,87.86037680736088,0.0,32.25806451612903,89.23076923076924,0,1,1,3,4,55.04889863195597,12,67.05,HIGH,HIGH,Multi-Engine Consensus,"[""['No major rule-based risk indicators were detected.']"", ""['Project expenditure is among the highest 1%']"", ""['Project expenditure is among the highest 1%', 'Extremely high number of payment transactions', 'Extremely high payment concentration per vendor', 'Multiple independent statistical anomalies detected']""]",3,"ML Anomaly, Financial, Statistical",74.82,P2 - HIGH PRIORITY,36,HIGH,67.05,74.82,P2 - HIGH PRIORITY,3,"ML Anomaly, Financial, Statistical",Final AI risk score: 67.05 | Final AI risk level: HIGH | 3 independent risk engines detected significant risk signals. | Payment count: 3.0 | Unique vendors: 1.0
WS/MP18328/2024-2025/138239,Himachal Pradesh,KULLU(DEPUTY COMMISSIONER KULLU_IDA),Kangana Ranaut,MANDI,Normal/Others,"Construction of protection walls of existing public and community buildings. C/o PCC wall behind school building of GHS Chansari, District Kullu. HP. Work Execute By-HPPWD Kullu, Eastimate attached",2024-09-02,1900000.0,2025-01-04,1900000.0,Physical Inspection,2026-08-08,1900000.0,1900000.0,4.0,1.0,1,1,1,124.0,581.0,0.0,1.0,1.0,0.0,1.0,0.0,4.0,2024-2025,2024,9,82.4361034029502,1,0,ISOLATION_FOREST_ONLY,ISOLATION_FOREST,MEDIUM,1,1,0.0,['No major rule-based risk indicators were detected.'],20,MEDIUM,['Project expenditure is among the highest 1%'],58,HIGH,"['Project expenditure is among the highest 1%', 'Extremely high number of payment transactions', 'Extremely high payment concentration per vendor', 'Multiple independent statistical anomalies detected']",1,1,1,82.4361034029502,0.0,32.25806451612903,89.23076923076924,0,1,1,3,4,53.15040294041222,12,65.15,HIGH,HIGH,Multi-Engine Consensus,"[""['No major rule-based risk indicators were detected.']"", ""['Project expenditure is among the highest 1%']"", ""['Project expenditure is among the highest 1%', 'Extremely high number of payment transactions', 'Extremely high payment concentration per vendor', 'Multiple independent statistical anomalies detected']""]",3,"ML Anomaly, Financial, Statistical",74.06,P2 - HIGH PRIORITY,37,HIGH,65.15,74.06,P2 - HIGH PRIORITY,3,"ML Anomaly, Financial, Statistical",Final AI risk score: 65.15 | Final AI risk level: HIGH | 3 independent risk engines detected significant risk signals. | Recorded expenditure ratio: 1.0 | Payment count: 4.0 | Unique vendors: 1.0
WS/MP457/2024-2025/159001,Tamil Nadu,Viluppuram(DISTRICT COLLECTOR VILLUPURAM_IDA),D Ravikumar,VILUPPURAM(SC),Normal/Others,"Construction of Student Study centre through additional building near the existing Library in Master Plan Complex, Collectorate Viluppuram",2024-12-16,4986704.0,,,,,,4986704.0,2.0,1.0,0,0,1,,,,,,,,,2.0,2024-2025,2024,12,97.79465459325252,1,0,ISOLATION_FOREST_ONLY,ISOLATION_FOREST,HIGH,1,1,0.0,['No major rule-based risk indicators were detected.'],20,MEDIUM,['Project expenditure is among the highest 1%'],40,HIGH,"['Project expenditure is among the highest 0.5%', 'Extremely high payment concentration per vendor']",1,1,1,97.79465459325252,0.0,32.25806451612903,61.53846153846154,0,1,1,3,4,52.987434318556495,12,64.99,HIGH,HIGH,Multi-Engine Consensus,"[""['No major rule-based risk indicators were detected.']"", ""['Project expenditure is among the highest 1%']"", ""['Project expenditure is among the highest 0.5%', 'Extremely high payment concentration per vendor']""]",3,"ML Anomaly, Financial, Statistical",74.0,P2 - HIGH PRIORITY,38,HIGH,64.99,74.0,P2 - HIGH PRIORITY,3,"ML Anomaly, Financial, Statistical",Final AI risk score: 64.99 | Final AI risk level: HIGH | 3 independent risk engines detected significant risk signals. | Payment count: 2.0 | Unique vendors: 1.0
WS/MP823/2025-2026/152969,West Bengal,NADIA(DISTRICT MAGISTRATE NADIA_IDA),Ms Mahua Moitra,KRISHNANAGAR,Normal/Others,Construction of Culvert connect of Gobindapur sansad to Tarakganj sansad at the river of voirab  at Dighalkandi GP Under Karimpur-II Block.(PHASE-I),2024-11-18,4924873.0,,,,,,4924873.0,2.0,1.0,0,0,1,,,,,,,,,2.0,2025-2026,2024,11,97.70702497444135,1,0,ISOLATION_FOREST_ONLY,ISOLATION_FOREST,HIGH,1,1,0.0,['No major rule-based risk indicators were detected.'],20,MEDIUM,['Project expenditure is among the highest 1%'],40,HIGH,"['Project expenditure is among the highest 0.5%', 'Extremely high payment concentration per vendor']",1,1,1,97.70702497444135,0.0,32.25806451612903,61.53846153846154,0,1,1,3,4,52.95676395197258,12,64.96,HIGH,HIGH,Multi-Engine Consensus,"[""['No major rule-based risk indicators were detected.']"", ""['Project expenditure is among the highest 1%']"", ""['Project expenditure is among the highest 0.5%', 'Extremely high payment concentration per vendor']""]",3,"ML Anomaly, Financial, Statistical",73.98,P2 - HIGH PRIORITY,39,HIGH,64.96,73.98,P2 - HIGH PRIORITY,3,"ML Anomaly, Financial, Statistical",Final AI risk score: 64.96 | Final AI risk level: HIGH | 3 independent risk engines detected significant risk signals. | Payment count: 2.0 | Unique vendors: 1.0
WS/MP18254/2024-2025/156805,West Bengal,Paschim Medinipur(DISTRICT MAGISTRATE PASCHIM MEDINIPUR_IDA),JUNE MALIAH,MEDINIPUR,Repair and Renovation,Upgradation and renovation of Kankabati Community Hall,2024-12-03,2111478.0,,,,,,2111478.0,3.0,1.0,0,0,1,,,,,,,,,3.0,2024-2025,2024,12,80.75945669636337,1,0,ISOLATION_FOREST_ONLY,ISOLATION_FOREST,MEDIUM,1,1,0.0,['No major rule-based risk indicators were detected.'],20,MEDIUM,['Project expenditure is among the highest 1%'],58,HIGH,"['Project expenditure is among the highest 1%', 'Extremely high number of payment transactions', 'Extremely high payment concentration per vendor', 'Multiple independent statistical anomalies detected']",1,1,1,80.75945669636337,0.0,32.25806451612903,89.23076923076924,0,1,1,3,4,52.56357659310683,12,64.56,HIGH,HIGH,Multi-Engine Consensus,"[""['No major rule-based risk indicators were detected.']"", ""['Project expenditure is among the highest 1%']"", ""['Project expenditure is among the highest 1%', 'Extremely high number of payment transactions', 'Extremely high payment concentration per vendor', 'Multiple independent statistical anomalies detected']""]",3,"ML Anomaly, Financial, Statistical",73.82,P2 - HIGH PRIORITY,40,HIGH,64.56,73.82,P2 - HIGH PRIORITY,3,"ML Anomaly, Financial, Statistical",Final AI risk score: 64.56 | Final AI risk level: HIGH | 3 independent risk engines detected significant risk signals. | Payment count: 3.0 | Unique vendors: 1.0
WS/MP640/2026-2027/151609,Madhya Pradesh,SEONI(District Collector Seoni_IDA),Faggan Singh Kulaste,MANDLA(ST),Normal/Others,"Construction of G.S.V. Road gram payli, gram panchayat jogigufa, janpad panchayat lakhanadaun",2024-11-09,1000000.0,,,,,,999976.0,6.0,1.0,0,0,1,,,,,,,,,6.0,2026-2027,2024,11,67.33167810720023,1,0,ISOLATION_FOREST_ONLY,ISOLATION_FOREST,MEDIUM,1,1,0.0,['No major rule-based risk indicators were detected.'],41,HIGH,"['Project expenditure is unusually high', 'Unusually high number of payment transactions', 'Extremely high payment concentration among vendors', 'Multiple independent financial risk indicators detected']",50,HIGH,"['Project expenditure is statistically high', 'Extremely high number of payment transactions', 'Extremely high payment concentration per vendor', 'Multiple independent statistical anomalies detected']",1,1,1,67.33167810720023,0.0,66.12903225806451,76.92307692307693,0,1,1,3,4,52.17650917374837,12,64.18,HIGH,HIGH,Multi-Engine Consensus,"[""['No major rule-based risk indicators were detected.']"", ""['Project expenditure is unusually high', 'Unusually high number of payment transactions', 'Extremely high payment concentration among vendors', 'Multiple independent financial risk indicators detected']"", ""['Project expenditure is statistically high', 'Extremely high number of payment transactions', 'Extremely high payment concentration per vendor', 'Multiple independent statistical anomalies detected']""]",3,"ML Anomaly, Financial, Statistical",73.67,P2 - HIGH PRIORITY,41,HIGH,64.18,73.67,P2 - HIGH PRIORITY,3,"ML Anomaly, Financial, Statistical",Final AI risk score: 64.18 | Final AI risk level: HIGH | 3 independent risk engines detected significant risk signals. | Payment count: 6.0 | Unique vendors: 1.0
WS/MP18196/2025-2026/157009,Tripura,Dhalai(DISTRICT MAGISTRATE DHALAI_IDA),KRITI DEVI DEBBARMAN,TRIPURA EAST(ST),Normal/Others,"construction of sports complex in convergence with mgnrega at Ambassa & Ganganagar aspirational Block Area,",2024-12-05,4000000.0,,,,,,3993165.0,2.0,1.0,0,0,1,,,,,,,,,2.0,2025-2026,2024,12,94.49393895136556,1,0,ISOLATION_FOREST_ONLY,ISOLATION_FOREST,MEDIUM,1,1,0.0,['No major rule-based risk indicators were detected.'],20,MEDIUM,['Project expenditure is among the highest 1%'],40,HIGH,"['Project expenditure is among the highest 0.5%', 'Extremely high payment concentration per vendor']",1,1,1,94.49393895136556,0.0,32.25806451612903,61.53846153846154,0,1,1,3,4,51.83218384389606,12,63.83,HIGH,HIGH,Multi-Engine Consensus,"[""['No major rule-based risk indicators were detected.']"", ""['Project expenditure is among the highest 1%']"", ""['Project expenditure is among the highest 0.5%', 'Extremely high payment concentration per vendor']""]",3,"ML Anomaly, Financial, Statistical",73.53,P2 - HIGH PRIORITY,42,HIGH,63.83,73.53,P2 - HIGH PRIORITY,3,"ML Anomaly, Financial, Statistical",Final AI risk score: 63.83 | Final AI risk level: HIGH | 3 independent risk engines detected significant risk signals. | Payment count: 2.0 | Unique vendors: 1.0
WS/MP458/2025-2026/149728,Tamil Nadu,Thoothukkudi(DISTRICT COLLECTOR THOOTHUKUDI_IDA),Kanimozhi Karunanidhi,THOOTHUKKUDI,Normal/Others,Construction of 2 Class Rooms at  St. Joseph Primary School Pothakalanvilai Village Sasthavinallur Panchayat Sathankulam Panchayat Union,2024-11-02,3600000.0,2025-11-28,3600000.0,Physical Inspection,,,3596664.0,2.0,1.0,1,0,1,391.0,,0.0,0.9990733333333334,1.0,-3336.0,,,2.0,2025-2026,2024,11,93.9038995180371,1,0,ISOLATION_FOREST_ONLY,ISOLATION_FOREST,MEDIUM,1,1,0.0,['No major rule-based risk indicators were detected.'],20,MEDIUM,['Project expenditure is among the highest 1%'],40,HIGH,"['Project expenditure is among the highest 0.5%', 'Extremely high payment concentration per vendor']",1,1,1,93.9038995180371,0.0,32.25806451612903,61.53846153846154,0,1,1,3,4,51.62567004223109,12,63.63,HIGH,HIGH,Multi-Engine Consensus,"[""['No major rule-based risk indicators were detected.']"", ""['Project expenditure is among the highest 1%']"", ""['Project expenditure is among the highest 0.5%', 'Extremely high payment concentration per vendor']""]",3,"ML Anomaly, Financial, Statistical",73.45,P2 - HIGH PRIORITY,43,HIGH,63.63,73.45,P2 - HIGH PRIORITY,3,"ML Anomaly, Financial, Statistical",Final AI risk score: 63.63 | Final AI risk level: HIGH | 3 independent risk engines detected significant risk signals. | Recorded expenditure ratio: 0.9990733333333334 | Payment count: 2.0 | Unique vendors: 1.0
WS/MP18007/2024-2025/149399,Andhra Pradesh,Eluru(DISTRICT COLLECTOR ELURU_IDA),Putta Mahesh Kumar,ELURU,Normal/Others,"Construction of Resting Barracks with attached wash rooms for Men in the District Police Office, Eluru",2024-10-25,3204000.0,2025-02-05,3204000.0,Physical Inspection,,,3198191.0,2.0,1.0,1,0,1,103.0,,0.0,0.9981869538077404,1.0,-5809.0,,,2.0,2024-2025,2024,10,92.130860230758,1,0,ISOLATION_FOREST_ONLY,ISOLATION_FOREST,MEDIUM,1,1,0.0,['No major rule-based risk indicators were detected.'],20,MEDIUM,['Project expenditure is among the highest 1%'],40,HIGH,"['Project expenditure is among the highest 0.5%', 'Extremely high payment concentration per vendor']",1,1,1,92.130860230758,0.0,32.25806451612903,61.53846153846154,0,1,1,3,4,51.00510629168341,12,63.01,HIGH,HIGH,Multi-Engine Consensus,"[""['No major rule-based risk indicators were detected.']"", ""['Project expenditure is among the highest 1%']"", ""['Project expenditure is among the highest 0.5%', 'Extremely high payment concentration per vendor']""]",3,"ML Anomaly, Financial, Statistical",73.2,P2 - HIGH PRIORITY,44,HIGH,63.01,73.2,P2 - HIGH PRIORITY,3,"ML Anomaly, Financial, Statistical",Final AI risk score: 63.01 | Final AI risk level: HIGH | 3 independent risk engines detected significant risk signals. | Recorded expenditure ratio: 0.9981869538077404 | Payment count: 2.0 | Unique vendors: 1.0
WS/MP18007/2024-2025/149400,Andhra Pradesh,Eluru(DISTRICT COLLECTOR ELURU_IDA),Putta Mahesh Kumar,ELURU,Normal/Others,"Construction of Resting Barracks with attached wash rooms for Women in the District Police Office, Eluru",2024-10-25,3204000.0,2025-02-05,3204000.0,Work partially Completed,,,3198733.0,2.0,1.0,1,0,1,103.0,,0.0,0.9983561173533084,1.0,-5267.0,,,2.0,2024-2025,2024,10,92.1367022053454,1,0,ISOLATION_FOREST_ONLY,ISOLATION_FOREST,MEDIUM,1,1,0.0,['No major rule-based risk indicators were detected.'],20,MEDIUM,['Project expenditure is among the highest 1%'],40,HIGH,"['Project expenditure is among the highest 0.5%', 'Extremely high payment concentration per vendor']",1,1,1,92.1367022053454,0.0,32.25806451612903,61.53846153846154,0,1,1,3,4,51.007150982789,12,63.01,HIGH,HIGH,Multi-Engine Consensus,"[""['No major rule-based risk indicators were detected.']"", ""['Project expenditure is among the highest 1%']"", ""['Project expenditure is among the highest 0.5%', 'Extremely high payment concentration per vendor']""]",3,"ML Anomaly, Financial, Statistical",73.2,P2 - HIGH PRIORITY,45,HIGH,63.01,73.2,P2 - HIGH PRIORITY,3,"ML Anomaly, Financial, Statistical",Final AI risk score: 63.01 | Final AI risk level: HIGH | 3 independent risk engines detected significant risk signals. | Recorded expenditure ratio: 0.9983561173533084 | Payment count: 2.0 | Unique vendors: 1.0
WS/MP18272/2025-2026/143426,West Bengal,Jhargram(DISTRICT MAGISTRATE JHARGRAM_IDA),KALIPADA SAREN,JHARGRAM(ST),Normal/Others,Construction of boundary wall of Murar Ashutosh High School (H.S.),2024-09-25,2942147.0,2025-05-21,2942147.0,Physical Inspection,,,2942147.0,2.0,1.0,1,0,1,238.0,,0.0,1.0,1.0,0.0,,,2.0,2025-2026,2024,9,91.0793048050241,1,0,ISOLATION_FOREST_ONLY,ISOLATION_FOREST,MEDIUM,1,1,0.0,['No major rule-based risk indicators were detected.'],20,MEDIUM,['Project expenditure is among the highest 1%'],40,HIGH,"['Project expenditure is among the highest 0.5%', 'Extremely high payment concentration per vendor']",1,1,1,91.0793048050241,0.0,32.25806451612903,61.53846153846154,0,1,1,3,4,50.63706189267654,12,62.64,HIGH,HIGH,Multi-Engine Consensus,"[""['No major rule-based risk indicators were detected.']"", ""['Project expenditure is among the highest 1%']"", ""['Project expenditure is among the highest 0.5%', 'Extremely high payment concentration per vendor']""]",3,"ML Anomaly, Financial, Statistical",73.06,P2 - HIGH PRIORITY,46,HIGH,62.64,73.06,P2 - HIGH PRIORITY,3,"ML Anomaly, Financial, Statistical",Final AI risk score: 62.64 | Final AI risk level: HIGH | 3 independent risk engines detected significant risk signals. | Recorded expenditure ratio: 1.0 | Payment count: 2.0 | Unique vendors: 1.0
WS/MP823/2024-2025/139964,West Bengal,NADIA(DISTRICT MAGISTRATE NADIA_IDA),Ms Mahua Moitra,KRISHNANAGAR,Normal/Others,"Construction of Shed and Beautification with colour paver block at Karimpur Anandapally Crematorium under Karimpur -I Block, Nadia.",2024-09-08,2933290.0,2024-12-26,2933290.0,Physical Inspection,,,2933290.0,2.0,1.0,1,0,1,109.0,,0.0,1.0,1.0,0.0,,,2.0,2024-2025,2024,9,91.05593690667446,1,0,ISOLATION_FOREST_ONLY,ISOLATION_FOREST,MEDIUM,1,1,0.0,['No major rule-based risk indicators were detected.'],20,MEDIUM,['Project expenditure is among the highest 1%'],40,HIGH,"['Project expenditure is among the highest 0.5%', 'Extremely high payment concentration per vendor']",1,1,1,91.05593690667446,0.0,32.25806451612903,61.53846153846154,0,1,1,3,4,50.628883128254174,12,62.63,HIGH,HIGH,Multi-Engine Consensus,"[""['No major rule-based risk indicators were detected.']"", ""['Project expenditure is among the highest 1%']"", ""['Project expenditure is among the highest 0.5%', 'Extremely high payment concentration per vendor']""]",3,"ML Anomaly, Financial, Statistical",73.05,P2 - HIGH PRIORITY,47,HIGH,62.63,73.05,P2 - HIGH PRIORITY,3,"ML Anomaly, Financial, Statistical",Final AI risk score: 62.63 | Final AI risk level: HIGH | 3 independent risk engines detected significant risk signals. | Recorded expenditure ratio: 1.0 | Payment count: 2.0 | Unique vendors: 1.0
WS/MP18272/2024-2025/138305,West Bengal,Jhargram(DISTRICT MAGISTRATE JHARGRAM_IDA),KALIPADA SAREN,JHARGRAM(ST),Normal/Others,Construction of New Hostel Building and infrastructure development of Morchi Golapnath S.C. High School (H.S.).,2024-09-02,2911701.0,2024-12-31,2911701.0,Physical Inspection,,,2911701.0,2.0,1.0,1,0,1,120.0,,0.0,1.0,1.0,0.0,,,2.0,2024-2025,2024,9,90.98875419891922,1,0,ISOLATION_FOREST_ONLY,ISOLATION_FOREST,MEDIUM,1,1,0.0,['No major rule-based risk indicators were detected.'],20,MEDIUM,['Project expenditure is among the highest 1%'],40,HIGH,"['Project expenditure is among the highest 0.5%', 'Extremely high payment concentration per vendor']",1,1,1,90.98875419891922,0.0,32.25806451612903,61.53846153846154,0,1,1,3,4,50.60536918053984,12,62.61,HIGH,HIGH,Multi-Engine Consensus,"[""['No major rule-based risk indicators were detected.']"", ""['Project expenditure is among the highest 1%']"", ""['Project expenditure is among the highest 0.5%', 'Extremely high payment concentration per vendor']""]",3,"ML Anomaly, Financial, Statistical",73.04,P2 - HIGH PRIORITY,48,HIGH,62.61,73.04,P2 - HIGH PRIORITY,3,"ML Anomaly, Financial, Statistical",Final AI risk score: 62.61 | Final AI risk level: HIGH | 3 independent risk engines detected significant risk signals. | Recorded expenditure ratio: 1.0 | Payment count: 2.0 | Unique vendors: 1.0
WS/MP18203/2024-2025/159269,Uttar Pradesh,SAMBHAL(DISTRICT MAGISTRAE BHIMNAGAR SAMBHAL_IDA),ADITYA YADAV,BADAUN,Normal/Others,Isampur Danda me holi chauk se Devi mandir tak interlocking and nali nirman,2024-12-18,2467000.0,,,,,,2465764.0,2.0,1.0,0,0,1,,,,,,,,,2.0,2024-2025,2024,12,90.70541843142983,1,0,ISOLATION_FOREST_ONLY,ISOLATION_FOREST,MEDIUM,1,1,0.0,['No major rule-based risk indicators were detected.'],20,MEDIUM,['Project expenditure is among the highest 1%'],40,HIGH,"['Project expenditure is among the highest 0.5%', 'Extremely high payment concentration per vendor']",1,1,1,90.70541843142983,0.0,32.25806451612903,61.53846153846154,0,1,1,3,4,50.50620166191855,12,62.51,HIGH,HIGH,Multi-Engine Consensus,"[""['No major rule-based risk indicators were detected.']"", ""['Project expenditure is among the highest 1%']"", ""['Project expenditure is among the highest 0.5%', 'Extremely high payment concentration per vendor']""]",3,"ML Anomaly, Financial, Statistical",73.0,P2 - HIGH PRIORITY,49,HIGH,62.51,73.0,P2 - HIGH PRIORITY,3,"ML Anomaly, Financial, Statistical",Final AI risk score: 62.51 | Final AI risk level: HIGH | 3 independent risk engines detected significant risk signals. | Payment count: 2.0 | Unique vendors: 1.0
WS/MP755/2025-2026/152825,Tamil Nadu,THIRUVALLUR(DISTRICT COLLECTOR TIRUVALLUR_IDA),Thalikkottai Rajuthevar Baalu,SRIPERUMBUDUR,Normal/Others,Construction of Kitchen Room for TNHB Girls Higher Scondary School.,2024-11-16,2500000.0,,,,,,2491664.0,2.0,1.0,0,0,1,,,,,,,,,2.0,2025-2026,2024,11,90.61778881261866,1,0,ISOLATION_FOREST_ONLY,ISOLATION_FOREST,MEDIUM,1,1,0.0,['No major rule-based risk indicators were detected.'],20,MEDIUM,['Project expenditure is among the highest 1%'],40,HIGH,"['Project expenditure is among the highest 0.5%', 'Extremely high payment concentration per vendor']",1,1,1,90.61778881261866,0.0,32.25806451612903,61.53846153846154,0,1,1,3,4,50.47553129533464,12,62.48,HIGH,HIGH,Multi-Engine Consensus,"[""['No major rule-based risk indicators were detected.']"", ""['Project expenditure is among the highest 1%']"", ""['Project expenditure is among the highest 0.5%', 'Extremely high payment concentration per vendor']""]",3,"ML Anomaly, Financial, Statistical",72.99,P2 - HIGH PRIORITY,50,HIGH,62.48,72.99,P2 - HIGH PRIORITY,3,"ML Anomaly, Financial, Statistical",Final AI risk score: 62.48 | Final AI risk level: HIGH | 3 independent risk engines detected significant risk signals. | Payment count: 2.0 | Unique vendors: 1.0
WS/MP18204/2024-2025/154510,Uttar Pradesh,BAHRAICH(DISTRICT MAGISTRAE BAHRAICH_IDA),ANAND KUMAR,BAHRAICH(SC),Normal/Others,Gram Panchayat Mirzapur me Ramwapur Sampark Marg se Abhay Raj SIngh Ke Mill ki Taraf C. C. Road ka Nirman Karya,2024-12-04,2493857.0,,,,2025-11-15,2493857.0,2493857.0,2.0,1.0,0,1,1,,,,,,,,,2.0,2024-2025,2024,12,90.6411567109683,1,0,ISOLATION_FOREST_ONLY,ISOLATION_FOREST,MEDIUM,1,1,0.0,['No major rule-based risk indicators were detected.'],20,MEDIUM,['Project expenditure is among the highest 1%'],40,HIGH,"['Project expenditure is among the highest 0.5%', 'Extremely high payment concentration per vendor']",1,1,1,90.6411567109683,0.0,32.25806451612903,61.53846153846154,0,1,1,3,4,50.483710059757016,12,62.48,HIGH,HIGH,Multi-Engine Consensus,"[""['No major rule-based risk indicators were detected.']"", ""['Project expenditure is among the highest 1%']"", ""['Project expenditure is among the highest 0.5%', 'Extremely high payment concentration per vendor']""]",3,"ML Anomaly, Financial, Statistical",72.99,P2 - HIGH PRIORITY,51,HIGH,62.48,72.99,P2 - HIGH PRIORITY,3,"ML Anomaly, Financial, Statistical",Final AI risk score: 62.48 | Final AI risk level: HIGH | 3 independent risk engines detected significant risk signals. | Payment count: 2.0 | Unique vendors: 1.0
WS/MP18215/2024-2025/153272,Uttar Pradesh,AYODHYA(DISTRICT MAGISTRAE FAIZABAD_IDA),AWADHESH PRASAD,FAIZABAD,Normal/Others,pachlo mawai me mawai patranga marg se badi masjid tak cc road,2024-12-30,2489400.0,,,,,,2489400.0,2.0,1.0,0,0,1,,,,,,,,,2.0,2024-2025,2024,12,90.59442091426902,1,0,ISOLATION_FOREST_ONLY,ISOLATION_FOREST,MEDIUM,1,1,0.0,['No major rule-based risk indicators were detected.'],20,MEDIUM,['Project expenditure is among the highest 1%'],40,HIGH,"['Project expenditure is among the highest 0.5%', 'Extremely high payment concentration per vendor']",1,1,1,90.59442091426902,0.0,32.25806451612903,61.53846153846154,0,1,1,3,4,50.467352530912265,12,62.47,HIGH,HIGH,Multi-Engine Consensus,"[""['No major rule-based risk indicators were detected.']"", ""['Project expenditure is among the highest 1%']"", ""['Project expenditure is among the highest 0.5%', 'Extremely high payment concentration per vendor']""]",3,"ML Anomaly, Financial, Statistical",72.99,P2 - HIGH PRIORITY,52,HIGH,62.47,72.99,P2 - HIGH PRIORITY,3,"ML Anomaly, Financial, Statistical",Final AI risk score: 62.47 | Final AI risk level: HIGH | 3 independent risk engines detected significant risk signals. | Payment count: 2.0 | Unique vendors: 1.0
WS/MP747/2025-2026/147477,Tamil Nadu,VIRUDHUNAGAR(DISTRICT COLLECTOR VIRUDHUNAGAR_IDA),Manickam Tagore B,VIRUDHUNAGAR,Normal/Others,Construction of Community Centre in valavanthalpuram village at Kattalampatti panchayat,2024-12-03,2499979.0,2025-07-16,2499979.0,Physical Inspection,,,2499979.0,2.0,1.0,1,0,1,225.0,,0.0,1.0,1.0,0.0,,,2.0,2025-2026,2024,12,90.22637651526216,1,0,ISOLATION_FOREST_ONLY,ISOLATION_FOREST,MEDIUM,1,1,0.0,['No major rule-based risk indicators were detected.'],20,MEDIUM,['Project expenditure is among the highest 1%'],40,HIGH,"['Project expenditure is among the highest 0.5%', 'Extremely high payment concentration per vendor']",1,1,1,90.22637651526216,0.0,32.25806451612903,61.53846153846154,0,1,1,3,4,50.338536991259865,12,62.34,HIGH,HIGH,Multi-Engine Consensus,"[""['No major rule-based risk indicators were detected.']"", ""['Project expenditure is among the highest 1%']"", ""['Project expenditure is among the highest 0.5%', 'Extremely high payment concentration per vendor']""]",3,"ML Anomaly, Financial, Statistical",72.94,P2 - HIGH PRIORITY,53,HIGH,62.34,72.94,P2 - HIGH PRIORITY,3,"ML Anomaly, Financial, Statistical",Final AI risk score: 62.34 | Final AI risk level: HIGH | 3 independent risk engines detected significant risk signals. | Recorded expenditure ratio: 1.0 | Payment count: 2.0 | Unique vendors: 1.0
WS/MP640/2026-2027/151610,Madhya Pradesh,SEONI(District Collector Seoni_IDA),Faggan Singh Kulaste,MANDLA(ST),Normal/Others,Construction of G.S.V. Road gram aklama se bajar wada ki ore bhag-2,2024-11-09,1000000.0,,,,,,999976.0,6.0,2.0,0,0,1,,,,,,,,,3.0,2026-2027,2024,11,67.32875711990653,1,0,ISOLATION_FOREST_ONLY,ISOLATION_FOREST,MEDIUM,1,1,0.0,['No major rule-based risk indicators were detected.'],34,MEDIUM,"['Project expenditure is unusually high', 'Unusually high number of payment transactions', 'High payment concentration among vendors', 'Multiple independent financial risk indicators detected']",50,HIGH,"['Project expenditure is statistically high', 'Extremely high number of payment transactions', 'Extremely high payment concentration per vendor', 'Multiple independent statistical anomalies detected']",1,1,1,67.32875711990653,0.0,54.83870967741935,76.92307692307693,0,1,1,3,4,49.91742231206654,12,61.92,HIGH,HIGH,Multi-Engine Consensus,"[""['No major rule-based risk indicators were detected.']"", ""['Project expenditure is unusually high', 'Unusually high number of payment transactions', 'High payment concentration among vendors', 'Multiple independent financial risk indicators detected']"", ""['Project expenditure is statistically high', 'Extremely high number of payment transactions', 'Extremely high payment concentration per vendor', 'Multiple independent statistical anomalies detected']""]",3,"ML Anomaly, Financial, Statistical",72.77,P2 - HIGH PRIORITY,54,HIGH,61.92,72.77,P2 - HIGH PRIORITY,3,"ML Anomaly, Financial, Statistical",Final AI risk score: 61.92 | Final AI risk level: HIGH | 3 independent risk engines detected significant risk signals. | Payment count: 6.0 | Unique vendors: 2.0
WS/MP18173/2024-2025/137928,Tamil Nadu,Viluppuram(DISTRICT COLLECTOR VILLUPURAM_IDA),THARANIVENTHAN M S,ARANI,Normal/Others,Construction of New Anganwadi Building ADC in Kappalambadi Panchayat,2024-09-05,1768321.0,2024-09-24,1768321.0,Physical Inspection,,,1768321.0,2.0,1.0,1,0,1,19.0,,0.0,1.0,1.0,0.0,,,2.0,2024-2025,2024,9,91.20490725865342,1,0,ISOLATION_FOREST_ONLY,ISOLATION_FOREST,MEDIUM,1,1,0.0,['No major rule-based risk indicators were detected.'],20,MEDIUM,['Project expenditure is among the highest 1%'],33,MEDIUM,"['Project expenditure is among the highest 1%', 'Extremely high payment concentration per vendor']",1,1,1,91.20490725865342,0.0,32.25806451612903,50.76923076923077,0,1,1,3,4,48.52717659760066,12,60.53,HIGH,HIGH,Multi-Engine Consensus,"[""['No major rule-based risk indicators were detected.']"", ""['Project expenditure is among the highest 1%']"", ""['Project expenditure is among the highest 1%', 'Extremely high payment concentration per vendor']""]",3,"ML Anomaly, Financial, Statistical",72.21,P2 - HIGH PRIORITY,55,HIGH,60.53,72.21,P2 - HIGH PRIORITY,3,"ML Anomaly, Financial, Statistical",Final AI risk score: 60.53 | Final AI risk level: HIGH | 3 independent risk engines detected significant risk signals. | Recorded expenditure ratio: 1.0 | Payment count: 2.0 | Unique vendors: 1.0
WS/MP18109/2024-2025/146903,Madhya Pradesh,SIDHI(DISTRICT COLLECTOR SIDHI_IDA),DR. RAJESH MISHRA,SIDHI,Normal/Others,PATHARI NALA ME RAJ BAHADUR KEWAT KE GHAR KE PASS CHECK DAM,2024-10-11,500000.0,2025-01-28,500000.0,Vendor Identification,,,499554.0,8.0,1.0,1,0,1,109.0,,0.0,0.999108,1.0,-446.0,,,8.0,2024-2025,2024,10,92.8961589017088,1,0,ISOLATION_FOREST_ONLY,ISOLATION_FOREST,MEDIUM,1,1,0.0,['No major rule-based risk indicators were detected.'],21,MEDIUM,"['Unusually high number of payment transactions', 'Extremely high payment concentration among vendors']",30,MEDIUM,"['Extremely high number of payment transactions', 'Extremely high payment concentration per vendor']",1,1,1,92.8961589017088,0.0,33.87096774193548,46.15384615384615,0,1,1,3,4,48.518618394754405,12,60.52,HIGH,HIGH,Multi-Engine Consensus,"[""['No major rule-based risk indicators were detected.']"", ""['Unusually high number of payment transactions', 'Extremely high payment concentration among vendors']"", ""['Extremely high number of payment transactions', 'Extremely high payment concentration per vendor']""]",3,"ML Anomaly, Financial, Statistical",72.21,P2 - HIGH PRIORITY,56,HIGH,60.52,72.21,P2 - HIGH PRIORITY,3,"ML Anomaly, Financial, Statistical",Final AI risk score: 60.52 | Final AI risk level: HIGH | 3 independent risk engines detected significant risk signals. | Recorded expenditure ratio: 0.999108 | Payment count: 8.0 | Unique vendors: 1.0
WS/MP867/2024-2025/151535,West Bengal,KOLKATA(COMMISSIONER KOLKATA MUNICIPAL CORPORATION_IDA),Sudip Bandyopadhyay,KOLKATA UTTAR,Normal/Others,"CONSTRUCTION OF COMMUNITY HALL AT 55, CHAULPATTY ROAD, IN WARD NO. 33, BR- III",2024-11-09,5000000.0,,,,,,5000000.0,1.0,1.0,0,0,1,,,,,,,,,1.0,2024-2025,2024,11,97.80633854242734,1,0,ISOLATION_FOREST_ONLY,ISOLATION_FOREST,HIGH,1,1,0.0,['No major rule-based risk indicators were detected.'],20,MEDIUM,['Project expenditure is among the highest 1%'],25,MEDIUM,['Project expenditure is among the highest 0.5%'],1,1,1,97.80633854242734,0.0,32.25806451612903,38.46153846153847,0,1,1,3,4,48.376139085383066,12,60.38,HIGH,HIGH,Multi-Engine Consensus,"[""['No major rule-based risk indicators were detected.']"", ""['Project expenditure is among the highest 1%']"", ""['Project expenditure is among the highest 0.5%']""]",3,"ML Anomaly, Financial, Statistical",72.15,P2 - HIGH PRIORITY,57,HIGH,60.38,72.15,P2 - HIGH PRIORITY,3,"ML Anomaly, Financial, Statistical",Final AI risk score: 60.38 | Final AI risk level: HIGH | 3 independent risk engines detected significant risk signals. | Payment count: 1.0 | Unique vendors: 1.0
WS/MP18312/2026-2027/157891,Tamil Nadu,TIRUCHIRAPPALLI(DISTRICT COLLECTOR TIRUCHIRAPPALLI_IDA),DURAI VAIKO,TIRUCHIRAPPALLI,Normal/Others,Construction of Community Hall in Periyar Nagar (Vengur VP) in Tiruverumbur Panchayat Union,2024-12-10,4800000.0,,,,,,4799465.0,1.0,1.0,0,0,1,,,,,,,,,1.0,2026-2027,2024,12,97.53176573681904,1,0,ISOLATION_FOREST_ONLY,ISOLATION_FOREST,HIGH,1,1,0.0,['No major rule-based risk indicators were detected.'],20,MEDIUM,['Project expenditure is among the highest 1%'],25,MEDIUM,['Project expenditure is among the highest 0.5%'],1,1,1,97.53176573681904,0.0,32.25806451612903,38.46153846153847,0,1,1,3,4,48.28003860342016,12,60.28,HIGH,HIGH,Multi-Engine Consensus,"[""['No major rule-based risk indicators were detected.']"", ""['Project expenditure is among the highest 1%']"", ""['Project expenditure is among the highest 0.5%']""]",3,"ML Anomaly, Financial, Statistical",72.11,P2 - HIGH PRIORITY,58,HIGH,60.28,72.11,P2 - HIGH PRIORITY,3,"ML Anomaly, Financial, Statistical",Final AI risk score: 60.28 | Final AI risk level: HIGH | 3 independent risk engines detected significant risk signals. | Payment count: 1.0 | Unique vendors: 1.0
WS/MP18355/2025-2026/158349,Karnataka,BENGALURU URBAN(DEPUTY COMMISSIONER BANGALORE URBAN_IDA),SHOBHA KARANDLAJE,BANGALORE NORTH,Normal/Others,"Foundation work for an additional building for the Government Higher Primary School at Kadu Malleshwara Ward No. 65, Maruthi Extension, Ramamohanapura",2024-12-12,5000000.0,,,,,,4681278.0,1.0,1.0,0,0,1,,,,,,,,,1.0,2025-2026,2024,12,96.85117569738571,1,0,ISOLATION_FOREST_ONLY,ISOLATION_FOREST,HIGH,1,1,0.0,['No major rule-based risk indicators were detected.'],20,MEDIUM,['Project expenditure is among the highest 1%'],25,MEDIUM,['Project expenditure is among the highest 0.5%'],1,1,1,96.85117569738571,0.0,32.25806451612903,38.46153846153847,0,1,1,3,4,48.041832089618495,12,60.04,HIGH,HIGH,Multi-Engine Consensus,"[""['No major rule-based risk indicators were detected.']"", ""['Project expenditure is among the highest 1%']"", ""['Project expenditure is among the highest 0.5%']""]",3,"ML Anomaly, Financial, Statistical",72.02,P2 - HIGH PRIORITY,59,HIGH,60.04,72.02,P2 - HIGH PRIORITY,3,"ML Anomaly, Financial, Statistical",Final AI risk score: 60.04 | Final AI risk level: HIGH | 3 independent risk engines detected significant risk signals. | Payment count: 1.0 | Unique vendors: 1.0
WS/MP747/2024-2025/136647,Tamil Nadu,MADURAI(DISTRICT COLLECTOR MADURAI_IDA),Manickam Tagore B,VIRUDHUNAGAR,Normal/Others,Construction of Community center in Koothiyarkundu village at Nilaiyur Bit 1 panchayat,2024-09-13,2370415.0,2024-11-19,2370415.0,Physical Inspection,,,2370415.0,2.0,1.0,1,0,1,67.0,,0.0,1.0,1.0,0.0,,,2.0,2024-2025,2024,9,89.5311815393603,1,0,ISOLATION_FOREST_ONLY,ISOLATION_FOREST,MEDIUM,1,1,0.0,['No major rule-based risk indicators were detected.'],20,MEDIUM,['Project expenditure is among the highest 1%'],33,MEDIUM,"['Project expenditure is among the highest 1%', 'Extremely high payment concentration per vendor']",1,1,1,89.5311815393603,0.0,32.25806451612903,50.76923076923077,0,1,1,3,4,47.94137259584807,12,59.94,HIGH,HIGH,Multi-Engine Consensus,"[""['No major rule-based risk indicators were detected.']"", ""['Project expenditure is among the highest 1%']"", ""['Project expenditure is among the highest 1%', 'Extremely high payment concentration per vendor']""]",3,"ML Anomaly, Financial, Statistical",71.98,P2 - HIGH PRIORITY,60,HIGH,59.94,71.98,P2 - HIGH PRIORITY,3,"ML Anomaly, Financial, Statistical",Final AI risk score: 59.94 | Final AI risk level: HIGH | 3 independent risk engines detected significant risk signals. | Recorded expenditure ratio: 1.0 | Payment count: 2.0 | Unique vendors: 1.0
WS/MP18247/2024-2025/145108,West Bengal,BANKURA(DISTRICT MAGISTRATE BANKURA_IDA),ARUP CHAKRABORTY,BANKURA,Normal/Others,"Installation of 14 nos. of solar high mast lights at different places of Khalagram, Harmasra, Taldangra and Panchmura Gram Panchayat area under Taldangra Block, District - Bankura",2024-10-02,4020731.0,2024-12-10,4020731.0,Physical Inspection,,,4020731.0,1.0,1.0,1,0,1,69.0,,0.0,1.0,1.0,0.0,,,1.0,2024-2025,2024,10,94.53191178618373,1,0,ISOLATION_FOREST_ONLY,ISOLATION_FOREST,MEDIUM,1,1,0.0,['No major rule-based risk indicators were detected.'],20,MEDIUM,['Project expenditure is among the highest 1%'],25,MEDIUM,['Project expenditure is among the highest 0.5%'],1,1,1,94.53191178618373,0.0,32.25806451612903,38.46153846153847,0,1,1,3,4,47.230089720697805,12,59.23,HIGH,HIGH,Multi-Engine Consensus,"[""['No major rule-based risk indicators were detected.']"", ""['Project expenditure is among the highest 1%']"", ""['Project expenditure is among the highest 0.5%']""]",3,"ML Anomaly, Financial, Statistical",71.69,P2 - HIGH PRIORITY,61,HIGH,59.23,71.69,P2 - HIGH PRIORITY,3,"ML Anomaly, Financial, Statistical",Final AI risk score: 59.23 | Final AI risk level: HIGH | 3 independent risk engines detected significant risk signals. | Recorded expenditure ratio: 1.0 | Payment count: 1.0 | Unique vendors: 1.0
WS/MP18308/2025-2026/145431,Maharashtra,MUMBAI SUBURBAN(DISTRICT COLLECTOR MUMBAI SUBURBAN_IDA),RAVINDRA DATTARAM WAIKAR,MUMBAI NORTH WEST,Normal/Others,"Consturction of Ladikaran at Mrunaltai Gore, Near Nagari Niwara Parisad, Dindoshi, Goregaon (E)",2024-10-08,4000000.0,2026-01-20,4000000.0,Vendor Identification,,,3993959.0,1.0,1.0,1,0,1,469.0,,0.0,0.99848975,1.0,-6041.0,,,1.0,2025-2026,2024,10,94.50270191324668,1,0,ISOLATION_FOREST_ONLY,ISOLATION_FOREST,MEDIUM,1,1,0.0,['No major rule-based risk indicators were detected.'],20,MEDIUM,['Project expenditure is among the highest 1%'],25,MEDIUM,['Project expenditure is among the highest 0.5%'],1,1,1,94.50270191324668,0.0,32.25806451612903,38.46153846153847,0,1,1,3,4,47.21986626516984,12,59.22,HIGH,HIGH,Multi-Engine Consensus,"[""['No major rule-based risk indicators were detected.']"", ""['Project expenditure is among the highest 1%']"", ""['Project expenditure is among the highest 0.5%']""]",3,"ML Anomaly, Financial, Statistical",71.69,P2 - HIGH PRIORITY,62,HIGH,59.22,71.69,P2 - HIGH PRIORITY,3,"ML Anomaly, Financial, Statistical",Final AI risk score: 59.22 | Final AI risk level: HIGH | 3 independent risk engines detected significant risk signals. | Recorded expenditure ratio: 0.99848975 | Payment count: 1.0 | Unique vendors: 1.0
WS/MP458/2025-2026/150048,Tamil Nadu,Thoothukkudi(DISTRICT COLLECTOR THOOTHUKUDI_IDA),Kanimozhi Karunanidhi,THOOTHUKKUDI,Normal/Others,Construction of Community Hall at Pommaiahpuram Village in Sakkammalpuram Panchayat Vilathikulam Panchayat Union,2024-11-02,3999840.0,2026-02-23,3999840.0,Physical Inspection,,,3999840.0,1.0,1.0,1,0,1,478.0,,0.0,1.0,1.0,0.0,,,1.0,2025-2026,2024,11,94.5173068497152,1,0,ISOLATION_FOREST_ONLY,ISOLATION_FOREST,MEDIUM,1,1,0.0,['No major rule-based risk indicators were detected.'],20,MEDIUM,['Project expenditure is among the highest 1%'],25,MEDIUM,['Project expenditure is among the highest 0.5%'],1,1,1,94.5173068497152,0.0,32.25806451612903,38.46153846153847,0,1,1,3,4,47.224977992933816,12,59.22,HIGH,HIGH,Multi-Engine Consensus,"[""['No major rule-based risk indicators were detected.']"", ""['Project expenditure is among the highest 1%']"", ""['Project expenditure is among the highest 0.5%']""]",3,"ML Anomaly, Financial, Statistical",71.69,P2 - HIGH PRIORITY,63,HIGH,59.22,71.69,P2 - HIGH PRIORITY,3,"ML Anomaly, Financial, Statistical",Final AI risk score: 59.22 | Final AI risk level: HIGH | 3 independent risk engines detected significant risk signals. | Recorded expenditure ratio: 1.0 | Payment count: 1.0 | Unique vendors: 1.0
WS/MP18386/2024-2025/160114,Telangana,NALGONDA(DISTRICT COLLECTOR NALGONDA),KUNDURU RAGHUVEER,NALGONDA,Trust and Society,"Procurement and Supply of Phaco Machine to TKV Rangacharyulu & Ranganayakamma Lions Eye Hospital, Miryalaguda",2024-12-19,3870000.0,,,,,,3870000.0,1.0,1.0,0,0,1,,,,,,,,,1.0,2024-2025,2024,12,94.1258945523587,1,0,ISOLATION_FOREST_ONLY,ISOLATION_FOREST,MEDIUM,1,1,0.0,['No major rule-based risk indicators were detected.'],20,MEDIUM,['Project expenditure is among the highest 1%'],25,MEDIUM,['Project expenditure is among the highest 0.5%'],1,1,1,94.1258945523587,0.0,32.25806451612903,38.46153846153847,0,1,1,3,4,47.08798368885905,12,59.09,HIGH,HIGH,Multi-Engine Consensus,"[""['No major rule-based risk indicators were detected.']"", ""['Project expenditure is among the highest 1%']"", ""['Project expenditure is among the highest 0.5%']""]",3,"ML Anomaly, Financial, Statistical",71.64,P2 - HIGH PRIORITY,64,HIGH,59.09,71.64,P2 - HIGH PRIORITY,3,"ML Anomaly, Financial, Statistical",Final AI risk score: 59.09 | Final AI risk level: HIGH | 3 independent risk engines detected significant risk signals. | Payment count: 1.0 | Unique vendors: 1.0
WS/MP716/2024-2025/141390,Punjab,BATHINDA(DEPUTY COMMISSIONER BHATINDA_IDA),Smt Harsimrat Kaur Badal,BHATINDA,Normal/Others,Drainage Channel,2024-09-17,500000.0,2024-11-08,500000.0,Physical Inspection,,,235000.0,7.0,1.0,1,0,1,52.0,,0.0,0.47,1.0,-265000.0,,,7.0,2024-2025,2024,9,88.79509274134658,1,0,ISOLATION_FOREST_ONLY,ISOLATION_FOREST,MEDIUM,1,1,0.0,['No major rule-based risk indicators were detected.'],21,MEDIUM,"['Unusually high number of payment transactions', 'Extremely high payment concentration among vendors']",30,MEDIUM,"['Extremely high number of payment transactions', 'Extremely high payment concentration per vendor']",1,1,1,88.79509274134658,0.0,33.87096774193548,46.15384615384615,0,1,1,3,4,47.08324523862763,12,59.08,HIGH,HIGH,Multi-Engine Consensus,"[""['No major rule-based risk indicators were detected.']"", ""['Unusually high number of payment transactions', 'Extremely high payment concentration among vendors']"", ""['Extremely high number of payment transactions', 'Extremely high payment concentration per vendor']""]",3,"ML Anomaly, Financial, Statistical",71.63,P2 - HIGH PRIORITY,65,HIGH,59.08,71.63,P2 - HIGH PRIORITY,3,"ML Anomaly, Financial, Statistical",Final AI risk score: 59.08 | Final AI risk level: HIGH | 3 independent risk engines detected significant risk signals. | Recorded expenditure ratio: 0.47 | Payment count: 7.0 | Unique vendors: 1.0
WS/MP410/2024-2025/139571,Assam,DHEMAJI(DEPUTY COMMISSIONER DHEMAJI_IDA),Pradan Baruah,LAKHIMPUR,Normal/Others,"Construction of Temporary Iron Bridge at Kemi River under MPLADS, for the year 2024-25",2024-09-07,3600000.0,2025-03-19,3600000.0,Work partially Completed,,,3574579.0,1.0,1.0,1,0,1,193.0,,0.0,0.9929386111111111,1.0,-25421.0,,,1.0,2024-2025,2024,9,93.9068205053308,1,0,ISOLATION_FOREST_ONLY,ISOLATION_FOREST,MEDIUM,1,1,0.0,['No major rule-based risk indicators were detected.'],20,MEDIUM,['Project expenditure is among the highest 1%'],25,MEDIUM,['Project expenditure is among the highest 0.5%'],1,1,1,93.9068205053308,0.0,32.25806451612903,38.46153846153847,0,1,1,3,4,47.01130777239928,12,59.01,HIGH,HIGH,Multi-Engine Consensus,"[""['No major rule-based risk indicators were detected.']"", ""['Project expenditure is among the highest 1%']"", ""['Project expenditure is among the highest 0.5%']""]",3,"ML Anomaly, Financial, Statistical",71.6,P2 - HIGH PRIORITY,66,HIGH,59.01,71.6,P2 - HIGH PRIORITY,3,"ML Anomaly, Financial, Statistical",Final AI risk score: 59.01 | Final AI risk level: HIGH | 3 independent risk engines detected significant risk signals. | Recorded expenditure ratio: 0.9929386111111111 | Payment count: 1.0 | Unique vendors: 1.0
WS/MP18001/2024-2025/138858,Andhra Pradesh,Dr. B.R. Ambedkar Konaseema(DISTRICT COLLECTOR Dr B R AMBEDKAR KONASEEMA_IDA),GM Harish Balayogi,AMALAPURAM(SC),Normal/Others,Construction of OC Community hall at Machara,2024-09-04,3507771.0,2024-11-27,3507771.0,Physical Inspection,,,3507771.0,1.0,1.0,1,0,1,84.0,,0.0,1.0,1.0,0.0,,,1.0,2024-2025,2024,9,93.86300569592522,1,0,ISOLATION_FOREST_ONLY,ISOLATION_FOREST,MEDIUM,1,1,0.0,['No major rule-based risk indicators were detected.'],20,MEDIUM,['Project expenditure is among the highest 1%'],25,MEDIUM,['Project expenditure is among the highest 0.5%'],1,1,1,93.86300569592522,0.0,32.25806451612903,38.46153846153847,0,1,1,3,4,46.995972589107325,12,59.0,HIGH,HIGH,Multi-Engine Consensus,"[""['No major rule-based risk indicators were detected.']"", ""['Project expenditure is among the highest 1%']"", ""['Project expenditure is among the highest 0.5%']""]",3,"ML Anomaly, Financial, Statistical",71.6,P2 - HIGH PRIORITY,67,HIGH,59.0,71.6,P2 - HIGH PRIORITY,3,"ML Anomaly, Financial, Statistical",Final AI risk score: 59.0 | Final AI risk level: HIGH | 3 independent risk engines detected significant risk signals. | Recorded expenditure ratio: 1.0 | Payment count: 1.0 | Unique vendors: 1.0
WS/MP457/2024-2025/146371,Tamil Nadu,Viluppuram(DISTRICT COLLECTOR VILLUPURAM_IDA),D Ravikumar,VILUPPURAM(SC),Normal/Others,Construction of Patient Waiting Shed to New Maternity Block in Government Viluppuram Medical College and Hospital at Mundiyambakkam in Viluppuram District.,2024-10-08,3393546.0,2024-10-21,3393546.0,Physical Inspection,,,3393546.0,1.0,1.0,1,0,1,13.0,,0.0,1.0,1.0,0.0,,,1.0,2024-2025,2024,10,93.63808967430992,1,0,ISOLATION_FOREST_ONLY,ISOLATION_FOREST,MEDIUM,1,1,0.0,['No major rule-based risk indicators were detected.'],20,MEDIUM,['Project expenditure is among the highest 1%'],25,MEDIUM,['Project expenditure is among the highest 0.5%'],1,1,1,93.63808967430992,0.0,32.25806451612903,38.46153846153847,0,1,1,3,4,46.91725198154197,12,58.92,HIGH,HIGH,Multi-Engine Consensus,"[""['No major rule-based risk indicators were detected.']"", ""['Project expenditure is among the highest 1%']"", ""['Project expenditure is among the highest 0.5%']""]",3,"ML Anomaly, Financial, Statistical",71.57,P2 - HIGH PRIORITY,68,HIGH,58.92,71.57,P2 - HIGH PRIORITY,3,"ML Anomaly, Financial, Statistical",Final AI risk score: 58.92 | Final AI risk level: HIGH | 3 independent risk engines detected significant risk signals. | Recorded expenditure ratio: 1.0 | Payment count: 1.0 | Unique vendors: 1.0
WS/MP710/2025-2026/149858,Puducherry,Puducherry(PROJECT DIRECTOR RDA PUDUCHERRY_IDA),Vaithilingam Ve,Puducherry,Normal/Others,"Formation of road to the John Kumar Nagar, Extention, Srinivasa nagar and AKD Nagar including approach roads to Mothilal nagar, Moolakulam in Oulgaret Municipality, Puducherry.",2024-10-29,3345017.0,2025-07-29,3345017.0,Physical Inspection,,,3345017.0,1.0,1.0,1,0,1,273.0,,0.0,1.0,1.0,0.0,,,1.0,2025-2026,2024,10,92.93121074923324,1,0,ISOLATION_FOREST_ONLY,ISOLATION_FOREST,MEDIUM,1,1,0.0,['No major rule-based risk indicators were detected.'],20,MEDIUM,['Project expenditure is among the highest 1%'],25,MEDIUM,['Project expenditure is among the highest 0.5%'],1,1,1,92.93121074923324,0.0,32.25806451612903,38.46153846153847,0,1,1,3,4,46.669844357765136,12,58.67,HIGH,HIGH,Multi-Engine Consensus,"[""['No major rule-based risk indicators were detected.']"", ""['Project expenditure is among the highest 1%']"", ""['Project expenditure is among the highest 0.5%']""]",3,"ML Anomaly, Financial, Statistical",71.47,P2 - HIGH PRIORITY,69,HIGH,58.67,71.47,P2 - HIGH PRIORITY,3,"ML Anomaly, Financial, Statistical",Final AI risk score: 58.67 | Final AI risk level: HIGH | 3 independent risk engines detected significant risk signals. | Recorded expenditure ratio: 1.0 | Payment count: 1.0 | Unique vendors: 1.0
WS/MP18058/2025-2026/158435,Gujarat,VADODARA(DISTRICT COLLECTOR VADODARA_IDA),DR. HEMANG JOSHI,VADODARA,Normal/Others,khiskoli circle kale pase vahivati wardNo.12 Jagannath mandir pase RCC road banavva ni kamgiri,2024-12-13,3300341.0,,,,,,3277725.0,1.0,1.0,0,0,1,,,,,,,,,1.0,2025-2026,2024,12,92.51350956623338,1,0,ISOLATION_FOREST_ONLY,ISOLATION_FOREST,MEDIUM,1,1,0.0,['No major rule-based risk indicators were detected.'],20,MEDIUM,['Project expenditure is among the highest 1%'],25,MEDIUM,['Project expenditure is among the highest 0.5%'],1,1,1,92.51350956623338,0.0,32.25806451612903,38.46153846153847,0,1,1,3,4,46.52364894371518,12,58.52,HIGH,HIGH,Multi-Engine Consensus,"[""['No major rule-based risk indicators were detected.']"", ""['Project expenditure is among the highest 1%']"", ""['Project expenditure is among the highest 0.5%']""]",3,"ML Anomaly, Financial, Statistical",71.41,P2 - HIGH PRIORITY,70,HIGH,58.52,71.41,P2 - HIGH PRIORITY,3,"ML Anomaly, Financial, Statistical",Final AI risk score: 58.52 | Final AI risk level: HIGH | 3 independent risk engines detected significant risk signals. | Payment count: 1.0 | Unique vendors: 1.0
WS/MP18252/2025-2026/157219,West Bengal,Purba Medinipur(DISTRICT MAGISTRATE PURBA MEDINIPUR_IDA),ADHIKARI SOUMENDU,KANTHI,Normal/Others,Installation of (12) nos. Solar high mast street light at different place of Contai- I Block,2024-12-06,3239337.0,,,,,,3239337.0,1.0,1.0,0,0,1,,,,,,,,,1.0,2025-2026,2024,12,92.31196144296771,1,0,ISOLATION_FOREST_ONLY,ISOLATION_FOREST,MEDIUM,1,1,0.0,['No major rule-based risk indicators were detected.'],20,MEDIUM,['Project expenditure is among the highest 1%'],25,MEDIUM,['Project expenditure is among the highest 0.5%'],1,1,1,92.31196144296771,0.0,32.25806451612903,38.46153846153847,0,1,1,3,4,46.4531071005722,12,58.45,HIGH,HIGH,Multi-Engine Consensus,"[""['No major rule-based risk indicators were detected.']"", ""['Project expenditure is among the highest 1%']"", ""['Project expenditure is among the highest 0.5%']""]",3,"ML Anomaly, Financial, Statistical",71.38,P2 - HIGH PRIORITY,71,HIGH,58.45,71.38,P2 - HIGH PRIORITY,3,"ML Anomaly, Financial, Statistical",Final AI risk score: 58.45 | Final AI risk level: HIGH | 3 independent risk engines detected significant risk signals. | Payment count: 1.0 | Unique vendors: 1.0
WS/MP18109/2024-2025/150115,Madhya Pradesh,SIDHI(DISTRICT COLLECTOR SIDHI_IDA),DR. RAJESH MISHRA,SIDHI,Normal/Others,GRAM PANCHAYAT BHATHA ME PANCHAYAT BHAVAN SE YADAV BASTI PRABHU YADAV KE GHAR PAHUCH MARG ME EK 01 PULIYA NIRMAN,2024-10-30,500000.0,2025-01-28,500000.0,Vendor Identification,,,498464.0,6.0,1.0,1,0,1,90.0,,0.0,0.996928,1.0,-1536.0,,,6.0,2024-2025,2024,10,86.96655469548706,1,0,ISOLATION_FOREST_ONLY,ISOLATION_FOREST,MEDIUM,1,1,0.0,['No major rule-based risk indicators were detected.'],21,MEDIUM,"['Unusually high number of payment transactions', 'Extremely high payment concentration among vendors']",30,MEDIUM,"['Extremely high number of payment transactions', 'Extremely high payment concentration per vendor']",1,1,1,86.96655469548706,0.0,33.87096774193548,46.15384615384615,0,1,1,3,4,46.4432569225768,12,58.44,HIGH,HIGH,Multi-Engine Consensus,"[""['No major rule-based risk indicators were detected.']"", ""['Unusually high number of payment transactions', 'Extremely high payment concentration among vendors']"", ""['Extremely high number of payment transactions', 'Extremely high payment concentration per vendor']""]",3,"ML Anomaly, Financial, Statistical",71.38,P2 - HIGH PRIORITY,72,HIGH,58.44,71.38,P2 - HIGH PRIORITY,3,"ML Anomaly, Financial, Statistical",Final AI risk score: 58.44 | Final AI risk level: HIGH | 3 independent risk engines detected significant risk signals. | Recorded expenditure ratio: 0.996928 | Payment count: 6.0 | Unique vendors: 1.0
WS/MP755/2025-2026/156753,Tamil Nadu,CHENNAI(COMMISSIONER MUNCIPAL CORPORATION CHENNAI_IDA),Thalikkottai Rajuthevar Baalu,SRIPERUMBUDUR,Normal/Others,Construction of ICDS Building.,2024-12-03,3708000.0,,,,,,3084454.0,1.0,1.0,0,0,1,,,,,,,,,1.0,2025-2026,2024,12,92.11625529428947,1,0,ISOLATION_FOREST_ONLY,ISOLATION_FOREST,MEDIUM,1,1,0.0,['No major rule-based risk indicators were detected.'],20,MEDIUM,['Project expenditure is among the highest 1%'],25,MEDIUM,['Project expenditure is among the highest 0.5%'],1,1,1,92.11625529428947,0.0,32.25806451612903,38.46153846153847,0,1,1,3,4,46.384609948534816,12,58.38,HIGH,HIGH,Multi-Engine Consensus,"[""['No major rule-based risk indicators were detected.']"", ""['Project expenditure is among the highest 1%']"", ""['Project expenditure is among the highest 0.5%']""]",3,"ML Anomaly, Financial, Statistical",71.35,P2 - HIGH PRIORITY,73,HIGH,58.38,71.35,P2 - HIGH PRIORITY,3,"ML Anomaly, Financial, Statistical",Final AI risk score: 58.38 | Final AI risk level: HIGH | 3 independent risk engines detected significant risk signals. | Payment count: 1.0 | Unique vendors: 1.0
WS/MP18006/2024-2025/141947,Andhra Pradesh,CHITTOOR(DISTRICT COLLECTOR CHITTOOR_IDA),DAGGUMALLA PRASADA RAO,CHITTOOR,Normal/Others,"Construction of 60KL, ELSR at Kondamitta (Vinayakapuram) in wardno.28 in Chittoor Municipal Corporation, Chittoor Constituency.",2024-09-23,3100000.0,2024-10-09,3100000.0,Physical Inspection,,,3037130.0,1.0,1.0,1,0,1,16.0,,0.0,0.9797193548387096,1.0,-62870.0,,,1.0,2024-2025,2024,9,91.77742076821968,1,0,ISOLATION_FOREST_ONLY,ISOLATION_FOREST,MEDIUM,1,1,0.0,['No major rule-based risk indicators were detected.'],20,MEDIUM,['Project expenditure is among the highest 1%'],25,MEDIUM,['Project expenditure is among the highest 0.5%'],1,1,1,91.77742076821968,0.0,32.25806451612903,38.46153846153847,0,1,1,3,4,46.26601786441039,12,58.27,HIGH,HIGH,Multi-Engine Consensus,"[""['No major rule-based risk indicators were detected.']"", ""['Project expenditure is among the highest 1%']"", ""['Project expenditure is among the highest 0.5%']""]",3,"ML Anomaly, Financial, Statistical",71.31,P2 - HIGH PRIORITY,74,HIGH,58.27,71.31,P2 - HIGH PRIORITY,3,"ML Anomaly, Financial, Statistical",Final AI risk score: 58.27 | Final AI risk level: HIGH | 3 independent risk engines detected significant risk signals. | Recorded expenditure ratio: 0.9797193548387096 | Payment count: 1.0 | Unique vendors: 1.0
WS/MP18176/2024-2025/142544,Tamil Nadu,DINDIGUL(DISTRICT COLLECTOR DINDIGUL_IDA),SACHITHANANTHAM R,DINDIGUL,Normal/Others,Oddanchatram Municipality - Ward No: 4 - old Gandhi Market Complex @ Three High Mast light,2024-09-24,3000000.0,2025-03-12,3000000.0,Work Completed,,,3000000.0,1.0,1.0,1,0,1,169.0,,0.0,1.0,1.0,0.0,,,1.0,2024-2025,2024,9,91.6094639988316,1,0,ISOLATION_FOREST_ONLY,ISOLATION_FOREST,MEDIUM,1,1,0.0,['No major rule-based risk indicators were detected.'],20,MEDIUM,['Project expenditure is among the highest 1%'],25,MEDIUM,['Project expenditure is among the highest 0.5%'],1,1,1,91.6094639988316,0.0,32.25806451612903,38.46153846153847,0,1,1,3,4,46.20723299512456,12,58.21,HIGH,HIGH,Multi-Engine Consensus,"[""['No major rule-based risk indicators were detected.']"", ""['Project expenditure is among the highest 1%']"", ""['Project expenditure is among the highest 0.5%']""]",3,"ML Anomaly, Financial, Statistical",71.28,P2 - HIGH PRIORITY,75,HIGH,58.21,71.28,P2 - HIGH PRIORITY,3,"ML Anomaly, Financial, Statistical",Final AI risk score: 58.21 | Final AI risk level: HIGH | 3 independent risk engines detected significant risk signals. | Recorded expenditure ratio: 1.0 | Payment count: 1.0 | Unique vendors: 1.0
WS/MP458/2026-2027/150074,Tamil Nadu,Thoothukkudi(DISTRICT COLLECTOR THOOTHUKUDI_IDA),Kanimozhi Karunanidhi,THOOTHUKKUDI,Normal/Others,Construction of 100000 litre capacity of OHT at Adithanar colony in Kayamozhi Panchayat in Tiruchendur Union,2024-11-02,3000000.0,2026-05-21,3000000.0,Vendor Identification,,,3000000.0,1.0,1.0,1,0,1,565.0,,0.0,1.0,1.0,0.0,,,1.0,2026-2027,2024,11,91.6094639988316,1,0,ISOLATION_FOREST_ONLY,ISOLATION_FOREST,MEDIUM,1,1,0.0,['No major rule-based risk indicators were detected.'],20,MEDIUM,['Project expenditure is among the highest 1%'],25,MEDIUM,['Project expenditure is among the highest 0.5%'],1,1,1,91.6094639988316,0.0,32.25806451612903,38.46153846153847,0,1,1,3,4,46.20723299512456,12,58.21,HIGH,HIGH,Multi-Engine Consensus,"[""['No major rule-based risk indicators were detected.']"", ""['Project expenditure is among the highest 1%']"", ""['Project expenditure is among the highest 0.5%']""]",3,"ML Anomaly, Financial, Statistical",71.28,P2 - HIGH PRIORITY,76,HIGH,58.21,71.28,P2 - HIGH PRIORITY,3,"ML Anomaly, Financial, Statistical",Final AI risk score: 58.21 | Final AI risk level: HIGH | 3 independent risk engines detected significant risk signals. | Recorded expenditure ratio: 1.0 | Payment count: 1.0 | Unique vendors: 1.0
WS/MP18308/2025-2026/145427,Maharashtra,MUMBAI SUBURBAN(DISTRICT COLLECTOR MUMBAI SUBURBAN_IDA),RAVINDRA DATTARAM WAIKAR,MUMBAI NORTH WEST,Normal/Others,"Construction of Poch Rasta and Shed at Nagsen Chawl, Kranti Nagar, Ward No.39, Malad (E)",2024-10-08,3000000.0,2026-01-20,3000000.0,Vendor Identification,,,2995469.0,1.0,1.0,1,0,1,469.0,,0.0,0.9984896666666668,1.0,-4531.0,,,1.0,2025-2026,2024,10,91.56126770848547,1,0,ISOLATION_FOREST_ONLY,ISOLATION_FOREST,MEDIUM,1,1,0.0,['No major rule-based risk indicators were detected.'],20,MEDIUM,['Project expenditure is among the highest 1%'],25,MEDIUM,['Project expenditure is among the highest 0.5%'],1,1,1,91.56126770848547,0.0,32.25806451612903,38.46153846153847,0,1,1,3,4,46.19036429350341,12,58.19,HIGH,HIGH,Multi-Engine Consensus,"[""['No major rule-based risk indicators were detected.']"", ""['Project expenditure is among the highest 1%']"", ""['Project expenditure is among the highest 0.5%']""]",3,"ML Anomaly, Financial, Statistical",71.28,P2 - HIGH PRIORITY,77,HIGH,58.19,71.28,P2 - HIGH PRIORITY,3,"ML Anomaly, Financial, Statistical",Final AI risk score: 58.19 | Final AI risk level: HIGH | 3 independent risk engines detected significant risk signals. | Recorded expenditure ratio: 0.9984896666666668 | Payment count: 1.0 | Unique vendors: 1.0
WS/MP18272/2024-2025/143420,West Bengal,PURULIA(DISTRICT MAGISTRATE PURULIA_IDA),KALIPADA SAREN,JHARGRAM(ST),Normal/Others,Construction of Boundary wall of Bandwan Mahavidyalaya at Chilla under Bandwan Block.,2024-09-25,2988593.0,2025-02-21,2988593.0,Physical Inspection,,,2988593.0,1.0,1.0,1,0,1,149.0,,0.0,1.0,1.0,0.0,,,1.0,2024-2025,2024,9,91.49992697531766,1,0,ISOLATION_FOREST_ONLY,ISOLATION_FOREST,MEDIUM,1,1,0.0,['No major rule-based risk indicators were detected.'],20,MEDIUM,['Project expenditure is among the highest 1%'],25,MEDIUM,['Project expenditure is among the highest 0.5%'],1,1,1,91.49992697531766,0.0,32.25806451612903,38.46153846153847,0,1,1,3,4,46.16889503689468,12,58.17,HIGH,HIGH,Multi-Engine Consensus,"[""['No major rule-based risk indicators were detected.']"", ""['Project expenditure is among the highest 1%']"", ""['Project expenditure is among the highest 0.5%']""]",3,"ML Anomaly, Financial, Statistical",71.27,P2 - HIGH PRIORITY,78,HIGH,58.17,71.27,P2 - HIGH PRIORITY,3,"ML Anomaly, Financial, Statistical",Final AI risk score: 58.17 | Final AI risk level: HIGH | 3 independent risk engines detected significant risk signals. | Recorded expenditure ratio: 1.0 | Payment count: 1.0 | Unique vendors: 1.0
WS/MP18193/2024-2025/156313,Telangana,MEDCHAL MALKAJGIRI(DISTRICT COLLECTOR MEDCHAL MALKAJGIRI_IDA),EATALA RAJENDER,MALKAJGIRI,Normal/Others,"Construction of Additional Floor to the existing Community Hall at Ward No.1, Harithavanam Colony, Nizampet Municipal Corporation, Medchal_malkajgiri Dist.",2024-12-01,3000000.0,,,,,,2959799.0,1.0,1.0,0,0,1,,,,,,,,,1.0,2024-2025,2024,12,91.31006280122682,1,0,ISOLATION_FOREST_ONLY,ISOLATION_FOREST,MEDIUM,1,1,0.0,['No major rule-based risk indicators were detected.'],20,MEDIUM,['Project expenditure is among the highest 1%'],25,MEDIUM,['Project expenditure is among the highest 0.5%'],1,1,1,91.31006280122682,0.0,32.25806451612903,38.46153846153847,0,1,1,3,4,46.10244257596288,12,58.1,HIGH,HIGH,Multi-Engine Consensus,"[""['No major rule-based risk indicators were detected.']"", ""['Project expenditure is among the highest 1%']"", ""['Project expenditure is among the highest 0.5%']""]",3,"ML Anomaly, Financial, Statistical",71.24,P2 - HIGH PRIORITY,79,HIGH,58.1,71.24,P2 - HIGH PRIORITY,3,"ML Anomaly, Financial, Statistical",Final AI risk score: 58.1 | Final AI risk level: HIGH | 3 independent risk engines detected significant risk signals. | Payment count: 1.0 | Unique vendors: 1.0
WS/MP18355/2025-2026/158366,Karnataka,BENGALURU URBAN(DEPUTY COMMISSIONER BANGALORE URBAN_IDA),SHOBHA KARANDLAJE,BANGALORE NORTH,Normal/Others,Construction of CC Road at Ward no 49(new ward no 67) Kirloskar Foundry 2nd 3rd 4th 7th Cross,2024-12-12,2924594.0,,,,,,2924594.0,2.0,2.0,0,0,1,,,,,,,,,1.0,2025-2026,2024,12,91.04425295749964,1,0,ISOLATION_FOREST_ONLY,ISOLATION_FOREST,MEDIUM,1,1,0.0,['No major rule-based risk indicators were detected.'],20,MEDIUM,['Project expenditure is among the highest 1%'],25,MEDIUM,['Project expenditure is among the highest 0.5%'],1,1,1,91.04425295749964,0.0,32.25806451612903,38.46153846153847,0,1,1,3,4,46.00940913065837,12,58.01,HIGH,HIGH,Multi-Engine Consensus,"[""['No major rule-based risk indicators were detected.']"", ""['Project expenditure is among the highest 1%']"", ""['Project expenditure is among the highest 0.5%']""]",3,"ML Anomaly, Financial, Statistical",71.2,P2 - HIGH PRIORITY,80,HIGH,58.01,71.2,P2 - HIGH PRIORITY,3,"ML Anomaly, Financial, Statistical",Final AI risk score: 58.01 | Final AI risk level: HIGH | 3 independent risk engines detected significant risk signals. | Payment count: 2.0 | Unique vendors: 2.0
WS/MP18095/2025-2026/147281,Kerala,ALAPPUZHA(DISTRICT COLLECTOR ALAPPUZHA_IDA),K. C VENUGOPAL,ALAPPUZHA,Normal/Others,Construction of Valiyaveettil Chooravila Road in the 11th ward of Chingoli GP (SCP),2024-10-22,2884733.0,2026-02-11,2884733.0,Physical Inspection,,,2884733.0,1.0,1.0,1,0,1,477.0,,0.0,1.0,1.0,0.0,,,1.0,2025-2026,2024,10,91.00920110997517,1,0,ISOLATION_FOREST_ONLY,ISOLATION_FOREST,MEDIUM,1,1,0.0,['No major rule-based risk indicators were detected.'],20,MEDIUM,['Project expenditure is among the highest 1%'],25,MEDIUM,['Project expenditure is among the highest 0.5%'],1,1,1,91.00920110997517,0.0,32.25806451612903,38.46153846153847,0,1,1,3,4,45.9971409840248,12,58.0,HIGH,HIGH,Multi-Engine Consensus,"[""['No major rule-based risk indicators were detected.']"", ""['Project expenditure is among the highest 1%']"", ""['Project expenditure is among the highest 0.5%']""]",3,"ML Anomaly, Financial, Statistical",71.2,P2 - HIGH PRIORITY,81,HIGH,58.0,71.2,P2 - HIGH PRIORITY,3,"ML Anomaly, Financial, Statistical",Final AI risk score: 58.0 | Final AI risk level: HIGH | 3 independent risk engines detected significant risk signals. | Recorded expenditure ratio: 1.0 | Payment count: 1.0 | Unique vendors: 1.0
WS/MP243/2025-2026/147542,West Bengal,North 24 Parganas(DISTRICT MAGISTRATE NORTH TWENTY FOUR PARGANAS_IDA),Kakoli Ghosh Dastidar,BARASAT,Normal/Others,Kemia khamarpara street light,2024-10-15,3000000.0,2025-09-23,3000000.0,Work Completed,,,2887200.0,1.0,1.0,1,0,1,343.0,,0.0,0.9624,1.0,-112800.0,,,1.0,2025-2026,2024,10,91.01796407185628,1,0,ISOLATION_FOREST_ONLY,ISOLATION_FOREST,MEDIUM,1,1,0.0,['No major rule-based risk indicators were detected.'],20,MEDIUM,['Project expenditure is among the highest 1%'],25,MEDIUM,['Project expenditure is among the highest 0.5%'],1,1,1,91.01796407185628,0.0,32.25806451612903,38.46153846153847,0,1,1,3,4,46.0002080206832,12,58.0,HIGH,HIGH,Multi-Engine Consensus,"[""['No major rule-based risk indicators were detected.']"", ""['Project expenditure is among the highest 1%']"", ""['Project expenditure is among the highest 0.5%']""]",3,"ML Anomaly, Financial, Statistical",71.2,P2 - HIGH PRIORITY,82,HIGH,58.0,71.2,P2 - HIGH PRIORITY,3,"ML Anomaly, Financial, Statistical",Final AI risk score: 58.0 | Final AI risk level: HIGH | 3 independent risk engines detected significant risk signals. | Recorded expenditure ratio: 0.9624 | Payment count: 1.0 | Unique vendors: 1.0
WS/MP18172/2024-2025/157480,Rajasthan,DUNGARPUR(DISTRICT COLLECTOR DUNGARPUR_IDA),MANNA LAL RAWAT,UDAIPUR(ST),Normal/Others,construction of Hall in Vidhya Niketan Sr. Src School Aaspur,2024-12-24,1916904.0,,,,2026-08-04,1916904.0,1916904.0,2.0,1.0,0,1,1,,,,,,,,,2.0,2024-2025,2024,12,83.71841682488682,1,0,ISOLATION_FOREST_ONLY,ISOLATION_FOREST,MEDIUM,1,1,0.0,['No major rule-based risk indicators were detected.'],20,MEDIUM,['Project expenditure is among the highest 1%'],33,MEDIUM,"['Project expenditure is among the highest 1%', 'Extremely high payment concentration per vendor']",1,1,1,83.71841682488682,0.0,32.25806451612903,50.76923076923077,0,1,1,3,4,45.90690494578234,12,57.91,HIGH,HIGH,Multi-Engine Consensus,"[""['No major rule-based risk indicators were detected.']"", ""['Project expenditure is among the highest 1%']"", ""['Project expenditure is among the highest 1%', 'Extremely high payment concentration per vendor']""]",3,"ML Anomaly, Financial, Statistical",71.16,P2 - HIGH PRIORITY,83,HIGH,57.91,71.16,P2 - HIGH PRIORITY,3,"ML Anomaly, Financial, Statistical",Final AI risk score: 57.91 | Final AI risk level: HIGH | 3 independent risk engines detected significant risk signals. | Payment count: 2.0 | Unique vendors: 1.0
WS/MP18272/2025-2026/153287,West Bengal,Jhargram(DISTRICT MAGISTRATE JHARGRAM_IDA),KALIPADA SAREN,JHARGRAM(ST),Normal/Others,Construction of ACR with office room and Toilet of Chhatinasole Primary School.,2024-11-20,2461876.0,,,,,,2461876.0,1.0,1.0,0,0,1,,,,,,,,,1.0,2025-2026,2024,11,90.68789250766758,1,0,ISOLATION_FOREST_ONLY,ISOLATION_FOREST,MEDIUM,1,1,0.0,['No major rule-based risk indicators were detected.'],20,MEDIUM,['Project expenditure is among the highest 1%'],25,MEDIUM,['Project expenditure is among the highest 0.5%'],1,1,1,90.68789250766758,0.0,32.25806451612903,38.46153846153847,0,1,1,3,4,45.88468297321715,12,57.88,HIGH,HIGH,Multi-Engine Consensus,"[""['No major rule-based risk indicators were detected.']"", ""['Project expenditure is among the highest 1%']"", ""['Project expenditure is among the highest 0.5%']""]",3,"ML Anomaly, Financial, Statistical",71.15,P2 - HIGH PRIORITY,84,HIGH,57.88,71.15,P2 - HIGH PRIORITY,3,"ML Anomaly, Financial, Statistical",Final AI risk score: 57.88 | Final AI risk level: HIGH | 3 independent risk engines detected significant risk signals. | Payment count: 1.0 | Unique vendors: 1.0
WS/MP458/2025-2026/149732,Tamil Nadu,Thoothukkudi(DISTRICT COLLECTOR THOOTHUKUDI_IDA),Kanimozhi Karunanidhi,THOOTHUKKUDI,Normal/Others,Construction of Community Hall at Kilavipatti Village and Panchayat  Kovilpatti Panchayat Union,2024-11-02,4000000.0,2025-12-16,4000000.0,Work partially Completed,,,2709989.0,1.0,1.0,1,0,1,409.0,,0.0,0.67749725,1.0,-1290011.0,,,1.0,2025-2026,2024,11,90.6323937490872,1,0,ISOLATION_FOREST_ONLY,ISOLATION_FOREST,MEDIUM,1,1,0.0,['No major rule-based risk indicators were detected.'],20,MEDIUM,['Project expenditure is among the highest 1%'],25,MEDIUM,['Project expenditure is among the highest 0.5%'],1,1,1,90.6323937490872,0.0,32.25806451612903,38.46153846153847,0,1,1,3,4,45.865258407714016,12,57.87,HIGH,HIGH,Multi-Engine Consensus,"[""['No major rule-based risk indicators were detected.']"", ""['Project expenditure is among the highest 1%']"", ""['Project expenditure is among the highest 0.5%']""]",3,"ML Anomaly, Financial, Statistical",71.15,P2 - HIGH PRIORITY,85,HIGH,57.87,71.15,P2 - HIGH PRIORITY,3,"ML Anomaly, Financial, Statistical",Final AI risk score: 57.87 | Final AI risk level: HIGH | 3 independent risk engines detected significant risk signals. | Recorded expenditure ratio: 0.67749725 | Payment count: 1.0 | Unique vendors: 1.0
WS/MP479/2024-2025/138772,West Bengal,BANKURA(DISTRICT MAGISTRATE BANKURA_IDA),Saumitra khan,BISHNUPUR(SC),Normal/Others,Boundary fencing & 4Nos.of Solar Lights,2024-09-04,2774787.0,2024-12-13,2774787.0,Physical Inspection,,,2774787.0,1.0,1.0,1,0,1,100.0,,0.0,1.0,1.0,0.0,,,1.0,2024-2025,2024,9,90.62070979991236,1,0,ISOLATION_FOREST_ONLY,ISOLATION_FOREST,MEDIUM,1,1,0.0,['No major rule-based risk indicators were detected.'],20,MEDIUM,['Project expenditure is among the highest 1%'],25,MEDIUM,['Project expenditure is among the highest 0.5%'],1,1,1,90.62070979991236,0.0,32.25806451612903,38.46153846153847,0,1,1,3,4,45.861169025502825,12,57.86,HIGH,HIGH,Multi-Engine Consensus,"[""['No major rule-based risk indicators were detected.']"", ""['Project expenditure is among the highest 1%']"", ""['Project expenditure is among the highest 0.5%']""]",3,"ML Anomaly, Financial, Statistical",71.14,P2 - HIGH PRIORITY,86,HIGH,57.86,71.14,P2 - HIGH PRIORITY,3,"ML Anomaly, Financial, Statistical",Final AI risk score: 57.86 | Final AI risk level: HIGH | 3 independent risk engines detected significant risk signals. | Recorded expenditure ratio: 1.0 | Payment count: 1.0 | Unique vendors: 1.0
WS/MP18252/2025-2026/157216,West Bengal,Purba Medinipur(DISTRICT MAGISTRATE PURBA MEDINIPUR_IDA),ADHIKARI SOUMENDU,KANTHI,Normal/Others,Installation of (09) nos. Solar high mast street light at different place of Bhagwanpur-II Block,2024-12-06,2429502.0,,,,,,2429502.0,1.0,1.0,0,0,1,,,,,,,,,1.0,2025-2026,2024,12,90.59734190156271,1,0,ISOLATION_FOREST_ONLY,ISOLATION_FOREST,MEDIUM,1,1,0.0,['No major rule-based risk indicators were detected.'],20,MEDIUM,['Project expenditure is among the highest 1%'],25,MEDIUM,['Project expenditure is among the highest 0.5%'],1,1,1,90.59734190156271,0.0,32.25806451612903,38.46153846153847,0,1,1,3,4,45.85299026108045,12,57.85,HIGH,HIGH,Multi-Engine Consensus,"[""['No major rule-based risk indicators were detected.']"", ""['Project expenditure is among the highest 1%']"", ""['Project expenditure is among the highest 0.5%']""]",3,"ML Anomaly, Financial, Statistical",71.14,P2 - HIGH PRIORITY,87,HIGH,57.85,71.14,P2 - HIGH PRIORITY,3,"ML Anomaly, Financial, Statistical",Final AI risk score: 57.85 | Final AI risk level: HIGH | 3 independent risk engines detected significant risk signals. | Payment count: 1.0 | Unique vendors: 1.0
WS/MP18252/2025-2026/157223,West Bengal,Purba Medinipur(DISTRICT MAGISTRATE PURBA MEDINIPUR_IDA),ADHIKARI SOUMENDU,KANTHI,Normal/Others,Installation of (10) nos. Solar high mast street light at different place of Contai-III Block,2024-12-06,2699447.0,,,,,,2699447.0,1.0,1.0,0,0,1,,,,,,,,,1.0,2025-2026,2024,12,90.57835548415363,1,0,ISOLATION_FOREST_ONLY,ISOLATION_FOREST,MEDIUM,1,1,0.0,['No major rule-based risk indicators were detected.'],20,MEDIUM,['Project expenditure is among the highest 1%'],25,MEDIUM,['Project expenditure is among the highest 0.5%'],1,1,1,90.57835548415363,0.0,32.25806451612903,38.46153846153847,0,1,1,3,4,45.84634501498727,12,57.85,HIGH,HIGH,Multi-Engine Consensus,"[""['No major rule-based risk indicators were detected.']"", ""['Project expenditure is among the highest 1%']"", ""['Project expenditure is among the highest 0.5%']""]",3,"ML Anomaly, Financial, Statistical",71.14,P2 - HIGH PRIORITY,88,HIGH,57.85,71.14,P2 - HIGH PRIORITY,3,"ML Anomaly, Financial, Statistical",Final AI risk score: 57.85 | Final AI risk level: HIGH | 3 independent risk engines detected significant risk signals. | Payment count: 1.0 | Unique vendors: 1.0
WS/MP18252/2025-2026/157241,West Bengal,Purba Medinipur(DISTRICT MAGISTRATE PURBA MEDINIPUR_IDA),ADHIKARI SOUMENDU,KANTHI,Normal/Others,Installation of (10) nos. Solar high mast street light at different place of Ramnagar-I Block,2024-12-06,2699447.0,,,,,,2699447.0,1.0,1.0,0,0,1,,,,,,,,,1.0,2025-2026,2024,12,90.57835548415363,1,0,ISOLATION_FOREST_ONLY,ISOLATION_FOREST,MEDIUM,1,1,0.0,['No major rule-based risk indicators were detected.'],20,MEDIUM,['Project expenditure is among the highest 1%'],25,MEDIUM,['Project expenditure is among the highest 0.5%'],1,1,1,90.57835548415363,0.0,32.25806451612903,38.46153846153847,0,1,1,3,4,45.84634501498727,12,57.85,HIGH,HIGH,Multi-Engine Consensus,"[""['No major rule-based risk indicators were detected.']"", ""['Project expenditure is among the highest 1%']"", ""['Project expenditure is among the highest 0.5%']""]",3,"ML Anomaly, Financial, Statistical",71.14,P2 - HIGH PRIORITY,89,HIGH,57.85,71.14,P2 - HIGH PRIORITY,3,"ML Anomaly, Financial, Statistical",Final AI risk score: 57.85 | Final AI risk level: HIGH | 3 independent risk engines detected significant risk signals. | Payment count: 1.0 | Unique vendors: 1.0
WS/MP18247/2024-2025/145106,West Bengal,BANKURA(DISTRICT MAGISTRATE BANKURA_IDA),ARUP CHAKRABORTY,BANKURA,Normal/Others,"Installation of 9 nos. of solar high mast lights at different places of Brajarajpur and Gourbazar Gram Panchayat area under Indpur Block, District - Bankura",2024-10-02,2579844.0,2024-12-10,2579844.0,Physical Inspection,,,2579844.0,1.0,1.0,1,0,1,69.0,,0.0,1.0,1.0,0.0,,,1.0,2024-2025,2024,10,90.26727033737404,1,0,ISOLATION_FOREST_ONLY,ISOLATION_FOREST,MEDIUM,1,1,0.0,['No major rule-based risk indicators were detected.'],20,MEDIUM,['Project expenditure is among the highest 1%'],25,MEDIUM,['Project expenditure is among the highest 0.5%'],1,1,1,90.26727033737404,0.0,32.25806451612903,38.46153846153847,0,1,1,3,4,45.73746521361441,12,57.74,HIGH,HIGH,Multi-Engine Consensus,"[""['No major rule-based risk indicators were detected.']"", ""['Project expenditure is among the highest 1%']"", ""['Project expenditure is among the highest 0.5%']""]",3,"ML Anomaly, Financial, Statistical",71.1,P2 - HIGH PRIORITY,90,HIGH,57.74,71.1,P2 - HIGH PRIORITY,3,"ML Anomaly, Financial, Statistical",Final AI risk score: 57.74 | Final AI risk level: HIGH | 3 independent risk engines detected significant risk signals. | Recorded expenditure ratio: 1.0 | Payment count: 1.0 | Unique vendors: 1.0
WS/MP18307/2025-2026/143603,Maharashtra,MUMBAI SUBURBAN(DISTRICT COLLECTOR MUMBAI SUBURBAN_IDA),Piyush Vedprakash Goyal,MUMBAI NORTH,Normal/Others,"Ward 2 -Construction of Drains and footpaths at Sai Kripa Chawl, Sambhaji Nagar, Dubey Chawl, Babli Pada, Tare Compound, Raja Ram Mhatre Chawl  Bharwad Chawl Dahisar",2024-09-25,2500000.0,2026-01-30,2500000.0,Work partially Completed,,,2498104.0,1.0,1.0,1,0,1,492.0,,0.0,0.9992416,1.0,-1896.0,,,1.0,2025-2026,2024,9,90.21177157879364,1,0,ISOLATION_FOREST_ONLY,ISOLATION_FOREST,MEDIUM,1,1,0.0,['No major rule-based risk indicators were detected.'],20,MEDIUM,['Project expenditure is among the highest 1%'],25,MEDIUM,['Project expenditure is among the highest 0.5%'],1,1,1,90.21177157879364,0.0,32.25806451612903,38.46153846153847,0,1,1,3,4,45.71804064811127,12,57.72,HIGH,HIGH,Multi-Engine Consensus,"[""['No major rule-based risk indicators were detected.']"", ""['Project expenditure is among the highest 1%']"", ""['Project expenditure is among the highest 0.5%']""]",3,"ML Anomaly, Financial, Statistical",71.09,P2 - HIGH PRIORITY,91,HIGH,57.72,71.09,P2 - HIGH PRIORITY,3,"ML Anomaly, Financial, Statistical",Final AI risk score: 57.72 | Final AI risk level: HIGH | 3 independent risk engines detected significant risk signals. | Recorded expenditure ratio: 0.9992416 | Payment count: 1.0 | Unique vendors: 1.0
WS/MP18308/2025-2026/145422,Maharashtra,MUMBAI SUBURBAN(DISTRICT COLLECTOR MUMBAI SUBURBAN_IDA),RAVINDRA DATTARAM WAIKAR,MUMBAI NORTH WEST,Normal/Others,"Construction of Sabhamandap Near Nagari Niwara Parisad Zone-2, Goregaon (E)",2024-10-08,2500000.0,2025-07-23,2500000.0,Vendor Identification,,,2498103.0,1.0,1.0,1,0,1,288.0,,0.0,0.9992412,1.0,-1897.0,,,1.0,2025-2026,2024,10,90.20885059149992,1,0,ISOLATION_FOREST_ONLY,ISOLATION_FOREST,MEDIUM,1,1,0.0,['No major rule-based risk indicators were detected.'],20,MEDIUM,['Project expenditure is among the highest 1%'],25,MEDIUM,['Project expenditure is among the highest 0.5%'],1,1,1,90.20885059149992,0.0,32.25806451612903,38.46153846153847,0,1,1,3,4,45.71701830255847,12,57.72,HIGH,HIGH,Multi-Engine Consensus,"[""['No major rule-based risk indicators were detected.']"", ""['Project expenditure is among the highest 1%']"", ""['Project expenditure is among the highest 0.5%']""]",3,"ML Anomaly, Financial, Statistical",71.09,P2 - HIGH PRIORITY,92,HIGH,57.72,71.09,P2 - HIGH PRIORITY,3,"ML Anomaly, Financial, Statistical",Final AI risk score: 57.72 | Final AI risk level: HIGH | 3 independent risk engines detected significant risk signals. | Recorded expenditure ratio: 0.9992412 | Payment count: 1.0 | Unique vendors: 1.0
WS/MP18345/2026-2027/155578,Uttar Pradesh,KANNAUJ(DISTRICT MAGISTRATE KANNAUJ_IDA),AKHILESH YADAV,KANNAUJ,Repair and Renovation,"Mohalla haji ganj near eidgah colony ,in front of badar masjid to rakkha waale kabristan 150 meter CC road ..7860319378 Syed Rais Ali",2024-11-28,2225000.0,,,,,,2183083.0,2.0,1.0,0,0,1,,,,,,,,,2.0,2026-2027,2024,11,82.14692566087336,1,0,ISOLATION_FOREST_ONLY,ISOLATION_FOREST,MEDIUM,1,1,0.0,['No major rule-based risk indicators were detected.'],20,MEDIUM,['Project expenditure is among the highest 1%'],33,MEDIUM,"['Project expenditure is among the highest 1%', 'Extremely high payment concentration per vendor']",1,1,1,82.14692566087336,0.0,32.25806451612903,50.76923076923077,0,1,1,3,4,45.35688303837763,12,57.36,HIGH,HIGH,Multi-Engine Consensus,"[""['No major rule-based risk indicators were detected.']"", ""['Project expenditure is among the highest 1%']"", ""['Project expenditure is among the highest 1%', 'Extremely high payment concentration per vendor']""]",3,"ML Anomaly, Financial, Statistical",70.94,P2 - HIGH PRIORITY,93,HIGH,57.36,70.94,P2 - HIGH PRIORITY,3,"ML Anomaly, Financial, Statistical",Final AI risk score: 57.36 | Final AI risk level: HIGH | 3 independent risk engines detected significant risk signals. | Payment count: 2.0 | Unique vendors: 1.0
WS/MP18203/2025-2026/154418,Uttar Pradesh,BUDAUN(DISTRICT MAGISTRATE BUDAUN_IDA),ADITYA YADAV,BADAUN,Normal/Others,deepu inter collage ke samne dadra chourahe par,2024-12-18,2164146.0,,,,,,2164146.0,2.0,1.0,0,0,1,,,,,,,,,2.0,2025-2026,2024,12,81.56857017671972,1,0,ISOLATION_FOREST_ONLY,ISOLATION_FOREST,MEDIUM,1,1,0.0,['No major rule-based risk indicators were detected.'],20,MEDIUM,['Project expenditure is among the highest 1%'],33,MEDIUM,"['Project expenditure is among the highest 1%', 'Extremely high payment concentration per vendor']",1,1,1,81.56857017671972,0.0,32.25806451612903,50.76923076923077,0,1,1,3,4,45.15445861892386,12,57.15,HIGH,HIGH,Multi-Engine Consensus,"[""['No major rule-based risk indicators were detected.']"", ""['Project expenditure is among the highest 1%']"", ""['Project expenditure is among the highest 1%', 'Extremely high payment concentration per vendor']""]",3,"ML Anomaly, Financial, Statistical",70.86,P2 - HIGH PRIORITY,94,HIGH,57.15,70.86,P2 - HIGH PRIORITY,3,"ML Anomaly, Financial, Statistical",Final AI risk score: 57.15 | Final AI risk level: HIGH | 3 independent risk engines detected significant risk signals. | Payment count: 2.0 | Unique vendors: 1.0
WS/MP823/2024-2025/139965,West Bengal,NADIA(DISTRICT MAGISTRATE NADIA_IDA),Ms Mahua Moitra,KRISHNANAGAR,Repair and Renovation,"Renovation & Decorative works of old Building Karimpur Police Station under Karimpur-I Block, Nadia.",2024-09-08,2028611.0,2024-12-26,2028611.0,Vendor Identification,,,2027938.0,2.0,1.0,1,0,1,109.0,,0.0,0.9996682459081608,1.0,-673.0,,,2.0,2024-2025,2024,9,81.13334306995765,1,0,ISOLATION_FOREST_ONLY,ISOLATION_FOREST,MEDIUM,1,1,0.0,['No major rule-based risk indicators were detected.'],20,MEDIUM,['Project expenditure is among the highest 1%'],33,MEDIUM,"['Project expenditure is among the highest 1%', 'Extremely high payment concentration per vendor']",1,1,1,81.13334306995765,0.0,32.25806451612903,50.76923076923077,0,1,1,3,4,45.00212913155713,12,57.0,HIGH,HIGH,Multi-Engine Consensus,"[""['No major rule-based risk indicators were detected.']"", ""['Project expenditure is among the highest 1%']"", ""['Project expenditure is among the highest 1%', 'Extremely high payment concentration per vendor']""]",3,"ML Anomaly, Financial, Statistical",70.8,P2 - HIGH PRIORITY,95,HIGH,57.0,70.8,P2 - HIGH PRIORITY,3,"ML Anomaly, Financial, Statistical",Final AI risk score: 57.0 | Final AI risk level: HIGH | 3 independent risk engines detected significant risk signals. | Recorded expenditure ratio: 0.9996682459081608 | Payment count: 2.0 | Unique vendors: 1.0
WS/MP18204/2024-2025/156146,Uttar Pradesh,BAHRAICH(DISTRICT MAGISTRAE BAHRAICH_IDA),ANAND KUMAR,BAHRAICH(SC),Normal/Others,Gram Sohni Balai Gaon me Sohani Basthanwa Sampark Marg se Achkawa Barder Sampark Marg Tak interlocking Nirman Karya,2024-12-01,2112996.0,,,,2026-01-15,2112996.0,2112996.0,2.0,1.0,0,1,1,,,,,,,,,2.0,2024-2025,2024,12,80.79742953118154,1,0,ISOLATION_FOREST_ONLY,ISOLATION_FOREST,MEDIUM,1,1,0.0,['No major rule-based risk indicators were detected.'],20,MEDIUM,['Project expenditure is among the highest 1%'],33,MEDIUM,"['Project expenditure is among the highest 1%', 'Extremely high payment concentration per vendor']",1,1,1,80.79742953118154,0.0,32.25806451612903,50.76923076923077,0,1,1,3,4,44.88455939298549,12,56.88,HIGH,HIGH,Multi-Engine Consensus,"[""['No major rule-based risk indicators were detected.']"", ""['Project expenditure is among the highest 1%']"", ""['Project expenditure is among the highest 1%', 'Extremely high payment concentration per vendor']""]",3,"ML Anomaly, Financial, Statistical",70.75,P2 - HIGH PRIORITY,96,HIGH,56.88,70.75,P2 - HIGH PRIORITY,3,"ML Anomaly, Financial, Statistical",Final AI risk score: 56.88 | Final AI risk level: HIGH | 3 independent risk engines detected significant risk signals. | Payment count: 2.0 | Unique vendors: 1.0
WS/MP722/2024-2025/153047,Rajasthan,BARAN(DISTRICT COLLECTOR BARAN_IDA),Dushyant Singh,JHALAWAR-BARAN,Normal/Others,"Swami Vivekand Vidhya Niketan, Madhyamik Vidhyalay at Baran, Class room with Varanda and Tolite constrection work (Work Agancy PWD Baran)",2024-11-18,2500000.0,,,,,,1951337.0,3.0,2.0,0,0,1,,,,,,,,,1.5,2024-2025,2024,11,80.39725427194392,1,0,ISOLATION_FOREST_ONLY,ISOLATION_FOREST,MEDIUM,1,1,0.0,['No major rule-based risk indicators were detected.'],20,MEDIUM,['Project expenditure is among the highest 1%'],33,MEDIUM,"['Project expenditure is among the highest 1%', 'Extremely high number of payment transactions']",1,1,1,80.39725427194392,0.0,32.25806451612903,50.76923076923077,0,1,1,3,4,44.74449805225233,12,56.74,HIGH,HIGH,Multi-Engine Consensus,"[""['No major rule-based risk indicators were detected.']"", ""['Project expenditure is among the highest 1%']"", ""['Project expenditure is among the highest 1%', 'Extremely high number of payment transactions']""]",3,"ML Anomaly, Financial, Statistical",70.7,P2 - HIGH PRIORITY,97,HIGH,56.74,70.7,P2 - HIGH PRIORITY,3,"ML Anomaly, Financial, Statistical",Final AI risk score: 56.74 | Final AI risk level: HIGH | 3 independent risk engines detected significant risk signals. | Payment count: 3.0 | Unique vendors: 2.0
WS/MP18203/2024-2025/159258,Uttar Pradesh,SAMBHAL(DISTRICT MAGISTRAE BHIMNAGAR SAMBHAL_IDA),ADITYA YADAV,BADAUN,Normal/Others,Shripal ke ghar se lochan ke ghar tak interlocking and nali nirman,2024-12-18,1954000.0,,,,,,1952703.0,2.0,1.0,0,0,1,,,,,,,,,2.0,2024-2025,2024,12,80.39725427194392,1,0,ISOLATION_FOREST_ONLY,ISOLATION_FOREST,MEDIUM,1,1,0.0,['No major rule-based risk indicators were detected.'],20,MEDIUM,['Project expenditure is among the highest 1%'],33,MEDIUM,"['Project expenditure is among the highest 1%', 'Extremely high payment concentration per vendor']",1,1,1,80.39725427194392,0.0,32.25806451612903,50.76923076923077,0,1,1,3,4,44.74449805225233,12,56.74,HIGH,HIGH,Multi-Engine Consensus,"[""['No major rule-based risk indicators were detected.']"", ""['Project expenditure is among the highest 1%']"", ""['Project expenditure is among the highest 1%', 'Extremely high payment concentration per vendor']""]",3,"ML Anomaly, Financial, Statistical",70.7,P2 - HIGH PRIORITY,98,HIGH,56.74,70.7,P2 - HIGH PRIORITY,3,"ML Anomaly, Financial, Statistical",Final AI risk score: 56.74 | Final AI risk level: HIGH | 3 independent risk engines detected significant risk signals. | Payment count: 2.0 | Unique vendors: 1.0
WS/MP18254/2024-2025/156816,West Bengal,Paschim Medinipur(DISTRICT MAGISTRATE PASCHIM MEDINIPUR_IDA),JUNE MALIAH,MEDINIPUR,Normal/Others,Construction of Shelter for inured or destitute animals,2024-12-03,2488755.0,,,,,,2103644.0,2.0,1.0,0,0,1,,,,,,,,,2.0,2024-2025,2024,12,80.28625675478311,1,0,ISOLATION_FOREST_ONLY,ISOLATION_FOREST,MEDIUM,1,1,0.0,['No major rule-based risk indicators were detected.'],20,MEDIUM,['Project expenditure is among the highest 1%'],33,MEDIUM,"['Project expenditure is among the highest 1%', 'Extremely high payment concentration per vendor']",1,1,1,80.28625675478311,0.0,32.25806451612903,50.76923076923077,0,1,1,3,4,44.705648921246045,12,56.71,HIGH,HIGH,Multi-Engine Consensus,"[""['No major rule-based risk indicators were detected.']"", ""['Project expenditure is among the highest 1%']"", ""['Project expenditure is among the highest 1%', 'Extremely high payment concentration per vendor']""]",3,"ML Anomaly, Financial, Statistical",70.68,P2 - HIGH PRIORITY,99,HIGH,56.71,70.68,P2 - HIGH PRIORITY,3,"ML Anomaly, Financial, Statistical",Final AI risk score: 56.71 | Final AI risk level: HIGH | 3 independent risk engines detected significant risk signals. | Payment count: 2.0 | Unique vendors: 1.0
WS/MP18204/2024-2025/154516,Uttar Pradesh,BAHRAICH(DISTRICT MAGISTRAE BAHRAICH_IDA),ANAND KUMAR,BAHRAICH(SC),Normal/Others,Gram Panchayat Maigla Me Maigla Chandanpur Sampark Marg Se Kheshari Lal ke Khet ke taraf C. C. Road ka Nirman Karya,2024-12-04,2055711.0,,,,2025-11-15,2055711.0,2055711.0,2.0,1.0,0,1,1,,,,,,,,,2.0,2024-2025,2024,12,80.06718270775522,1,0,ISOLATION_FOREST_ONLY,ISOLATION_FOREST,MEDIUM,1,1,0.0,['No major rule-based risk indicators were detected.'],20,MEDIUM,['Project expenditure is among the highest 1%'],33,MEDIUM,"['Project expenditure is among the highest 1%', 'Extremely high payment concentration per vendor']",1,1,1,80.06718270775522,0.0,32.25806451612903,50.76923076923077,0,1,1,3,4,44.62897300478628,12,56.63,HIGH,HIGH,Multi-Engine Consensus,"[""['No major rule-based risk indicators were detected.']"", ""['Project expenditure is among the highest 1%']"", ""['Project expenditure is among the highest 1%', 'Extremely high payment concentration per vendor']""]",3,"ML Anomaly, Financial, Statistical",70.65,P2 - HIGH PRIORITY,100,HIGH,56.63,70.65,P2 - HIGH PRIORITY,3,"ML Anomaly, Financial, Statistical",Final AI risk score: 56.63 | Final AI risk level: HIGH | 3 independent risk engines detected significant risk signals. | Payment count: 2.0 | Unique vendors: 1.0
WS/MP18219/2025-2026/149615,Uttar Pradesh,HAMIRPUR(DISTRICT MAGISTRATE HAMIRPUR_2),AJENDRA SINGH LODHI,HAMIRPUR_UP,Normal/Others,jagatraj mahavidyalaya charkhari road rath me kaksh nirman karya,2025-02-01,2000000.0,2025-06-20,2000000.0,Physical Inspection,,,2000000.0,2.0,1.0,1,0,1,139.0,,0.0,1.0,1.0,0.0,,,2.0,2025-2026,2025,2,79.81597780049657,1,0,ISOLATION_FOREST_ONLY,ISOLATION_FOREST,MEDIUM,1,1,0.0,['No major rule-based risk indicators were detected.'],20,MEDIUM,['Project expenditure is among the highest 1%'],33,MEDIUM,"['Project expenditure is among the highest 1%', 'Extremely high payment concentration per vendor']",1,1,1,79.81597780049657,0.0,32.25806451612903,50.76923076923077,0,1,1,3,4,44.54105128724576,12,56.54,HIGH,HIGH,Multi-Engine Consensus,"[""['No major rule-based risk indicators were detected.']"", ""['Project expenditure is among the highest 1%']"", ""['Project expenditure is among the highest 1%', 'Extremely high payment concentration per vendor']""]",3,"ML Anomaly, Financial, Statistical",70.62,P2 - HIGH PRIORITY,101,HIGH,56.54,70.62,P2 - HIGH PRIORITY,3,"ML Anomaly, Financial, Statistical",Final AI risk score: 56.54 | Final AI risk level: HIGH | 3 independent risk engines detected significant risk signals. | Recorded expenditure ratio: 1.0 | Payment count: 2.0 | Unique vendors: 1.0
WS/MP18242/2025-2026/156953,Uttar Pradesh,SULTANPUR(DISTRICT MAGISTRATE SULTANPUR_IDA),RAMBHUAL NISHAD,SULTANPUR,Normal/Others,"Maa Bhagwati Educational Training Institute, Deoria Sultanpur, for construction of room and verandah.",2024-12-04,2000000.0,,,,,,2000000.0,2.0,1.0,0,0,1,,,,,,,,,2.0,2025-2026,2024,12,79.82181977508398,1,0,ISOLATION_FOREST_ONLY,ISOLATION_FOREST,MEDIUM,1,1,0.0,['No major rule-based risk indicators were detected.'],20,MEDIUM,['Project expenditure is among the highest 1%'],33,MEDIUM,"['Project expenditure is among the highest 1%', 'Extremely high payment concentration per vendor']",1,1,1,79.82181977508398,0.0,32.25806451612903,50.76923076923077,0,1,1,3,4,44.54309597835135,12,56.54,HIGH,HIGH,Multi-Engine Consensus,"[""['No major rule-based risk indicators were detected.']"", ""['Project expenditure is among the highest 1%']"", ""['Project expenditure is among the highest 1%', 'Extremely high payment concentration per vendor']""]",3,"ML Anomaly, Financial, Statistical",70.62,P2 - HIGH PRIORITY,102,HIGH,56.54,70.62,P2 - HIGH PRIORITY,3,"ML Anomaly, Financial, Statistical",Final AI risk score: 56.54 | Final AI risk level: HIGH | 3 independent risk engines detected significant risk signals. | Payment count: 2.0 | Unique vendors: 1.0
WS/MP458/2025-2026/150052,Tamil Nadu,Thoothukkudi(DISTRICT COLLECTOR THOOTHUKUDI_IDA),Kanimozhi Karunanidhi,THOOTHUKKUDI,Normal/Others,Construction of Community Hall at Arunthathiyar Street in Mettilpatti Village and Panchayat in Pudur panchayat Union,2024-11-02,1999892.0,2025-06-23,1999892.0,Physical Inspection,,,1999892.0,2.0,1.0,1,0,1,233.0,,0.0,1.0,1.0,0.0,,,2.0,2025-2026,2024,11,79.79260990214692,1,0,ISOLATION_FOREST_ONLY,ISOLATION_FOREST,MEDIUM,1,1,0.0,['No major rule-based risk indicators were detected.'],20,MEDIUM,['Project expenditure is among the highest 1%'],33,MEDIUM,"['Project expenditure is among the highest 1%', 'Extremely high payment concentration per vendor']",1,1,1,79.79260990214692,0.0,32.25806451612903,50.76923076923077,0,1,1,3,4,44.53287252282338,12,56.53,HIGH,HIGH,Multi-Engine Consensus,"[""['No major rule-based risk indicators were detected.']"", ""['Project expenditure is among the highest 1%']"", ""['Project expenditure is among the highest 1%', 'Extremely high payment concentration per vendor']""]",3,"ML Anomaly, Financial, Statistical",70.61,P2 - HIGH PRIORITY,103,HIGH,56.53,70.61,P2 - HIGH PRIORITY,3,"ML Anomaly, Financial, Statistical",Final AI risk score: 56.53 | Final AI risk level: HIGH | 3 independent risk engines detected significant risk signals. | Recorded expenditure ratio: 1.0 | Payment count: 2.0 | Unique vendors: 1.0
WS/MP18112/2024-2025/136520,Maharashtra,AMRAVATI(DISTRICT COLLECTOR AMRAVATI_IDA),BALWANT BASWANT WANKHADE,AMRAVATI(SC),Normal/Others,"CONSTRUCTION OF COMMUNITY HALL , AT GAGLANI NAGAR , PRABHAG NO 9 AMRAVATI CITY",2024-08-20,2000000.0,2025-01-21,2000000.0,Work Completed,,,1998642.0,2.0,1.0,1,0,1,154.0,,0.0,0.999321,1.0,-1358.0,,,2.0,2024-2025,2024,8,79.5589309186505,1,0,ISOLATION_FOREST_ONLY,ISOLATION_FOREST,MEDIUM,1,1,0.0,['No major rule-based risk indicators were detected.'],20,MEDIUM,['Project expenditure is among the highest 1%'],33,MEDIUM,"['Project expenditure is among the highest 1%', 'Extremely high payment concentration per vendor']",1,1,1,79.5589309186505,0.0,32.25806451612903,50.76923076923077,0,1,1,3,4,44.45108487859964,12,56.45,HIGH,HIGH,Multi-Engine Consensus,"[""['No major rule-based risk indicators were detected.']"", ""['Project expenditure is among the highest 1%']"", ""['Project expenditure is among the highest 1%', 'Extremely high payment concentration per vendor']""]",3,"ML Anomaly, Financial, Statistical",70.58,P2 - HIGH PRIORITY,104,HIGH,56.45,70.58,P2 - HIGH PRIORITY,3,"ML Anomaly, Financial, Statistical",Final AI risk score: 56.45 | Final AI risk level: HIGH | 3 independent risk engines detected significant risk signals. | Recorded expenditure ratio: 0.999321 | Payment count: 2.0 | Unique vendors: 1.0
WS/MP18095/2025-2026/148832,Kerala,ALAPPUZHA(DISTRICT COLLECTOR ALAPPUZHA_IDA),K. C VENUGOPAL,ALAPPUZHA,Normal/Others,Formation of Manakkattu Menatheri Road in the 29th ward of Kayamkulam Municipality (SCP),2024-10-22,2000000.0,2026-02-02,2000000.0,Work Completed,,,1995303.0,2.0,1.0,1,0,1,468.0,,0.0,0.9976515,1.0,-4697.0,,,2.0,2025-2026,2024,10,78.69139769242004,1,0,ISOLATION_FOREST_ONLY,ISOLATION_FOREST,MEDIUM,1,1,0.0,['No major rule-based risk indicators were detected.'],20,MEDIUM,['Project expenditure is among the highest 1%'],33,MEDIUM,"['Project expenditure is among the highest 1%', 'Extremely high payment concentration per vendor']",1,1,1,78.69139769242004,0.0,32.25806451612903,50.76923076923077,0,1,1,3,4,44.14744824941897,12,56.15,HIGH,HIGH,Multi-Engine Consensus,"[""['No major rule-based risk indicators were detected.']"", ""['Project expenditure is among the highest 1%']"", ""['Project expenditure is among the highest 1%', 'Extremely high payment concentration per vendor']""]",3,"ML Anomaly, Financial, Statistical",70.46,P2 - HIGH PRIORITY,105,HIGH,56.15,70.46,P2 - HIGH PRIORITY,3,"ML Anomaly, Financial, Statistical",Final AI risk score: 56.15 | Final AI risk level: HIGH | 3 independent risk engines detected significant risk signals. | Recorded expenditure ratio: 0.9976515 | Payment count: 2.0 | Unique vendors: 1.0
WS/MP18006/2024-2025/135658,Andhra Pradesh,CHITTOOR(DISTRICT COLLECTOR CHITTOOR_IDA),DAGGUMALLA PRASADA RAO,CHITTOOR,Normal/Others,BT Road from Aragonda Main Road to Kondrajukalava Village and GP in Thavanampalli Mandal of Puthalapattu Constituency.,2024-08-13,2000000.0,2024-10-09,2000000.0,Work partially Completed,,,1753337.0,1.0,1.0,1,0,1,57.0,,0.0,0.8766685,1.0,-246663.0,,,1.0,2024-2025,2024,8,91.7482108952826,1,0,ISOLATION_FOREST_ONLY,ISOLATION_FOREST,MEDIUM,1,1,0.0,['No major rule-based risk indicators were detected.'],20,MEDIUM,['Project expenditure is among the highest 1%'],18,MEDIUM,['Project expenditure is among the highest 1%'],1,1,1,91.7482108952826,0.0,32.25806451612903,27.692307692307693,0,1,1,3,4,44.101948255036255,12,56.1,HIGH,HIGH,Multi-Engine Consensus,"[""['No major rule-based risk indicators were detected.']"", ""['Project expenditure is among the highest 1%']""]",2,"ML Anomaly, Financial, Statistical",70.44,P2 - HIGH PRIORITY,106,HIGH,56.1,70.44,P2 - HIGH PRIORITY,3,"ML Anomaly, Financial, Statistical",Final AI risk score: 56.1 | Final AI risk level: HIGH | 3 independent risk engines detected significant risk signals. | Recorded expenditure ratio: 0.8766685 | Payment count: 1.0 | Unique vendors: 1.0
WS/MP18173/2024-2025/137926,Tamil Nadu,Viluppuram(DISTRICT COLLECTOR VILLUPURAM_IDA),THARANIVENTHAN M S,ARANI,Normal/Others,Construction of New Anganwadi Building ADC in Kommamedu Panchayat,2024-09-05,1768860.0,2024-09-24,1768860.0,Physical Inspection,,,1768860.0,1.0,1.0,1,0,1,19.0,,0.0,1.0,1.0,0.0,,,1.0,2024-2025,2024,9,91.21659120782824,1,0,ISOLATION_FOREST_ONLY,ISOLATION_FOREST,MEDIUM,1,1,0.0,['No major rule-based risk indicators were detected.'],20,MEDIUM,['Project expenditure is among the highest 1%'],18,MEDIUM,['Project expenditure is among the highest 1%'],1,1,1,91.21659120782824,0.0,32.25806451612903,27.692307692307693,0,1,1,3,4,43.91588136442723,12,55.92,HIGH,HIGH,Multi-Engine Consensus,"[""['No major rule-based risk indicators were detected.']"", ""['Project expenditure is among the highest 1%']""]",2,"ML Anomaly, Financial, Statistical",70.37,P2 - HIGH PRIORITY,107,HIGH,55.92,70.37,P2 - HIGH PRIORITY,3,"ML Anomaly, Financial, Statistical",Final AI risk score: 55.92 | Final AI risk level: HIGH | 3 independent risk engines detected significant risk signals. | Recorded expenditure ratio: 1.0 | Payment count: 1.0 | Unique vendors: 1.0
WS/MP852/2024-2025/154568,West Bengal,MURSHIDABAD(DISTRICT MAGISTRATE MURSHIDABAD_IDA),Abu Taher Khan,MURSHIDABAD,Normal/Others,Construction for Morgue and green rooms with shade for pathways at hahiharpara police station,2024-11-24,2386402.0,,,,,,2386402.0,1.0,1.0,0,0,1,,,,,,,,,1.0,2024-2025,2024,11,89.77946545932525,1,0,ISOLATION_FOREST_ONLY,ISOLATION_FOREST,MEDIUM,1,1,0.0,['No major rule-based risk indicators were detected.'],20,MEDIUM,['Project expenditure is among the highest 1%'],18,MEDIUM,['Project expenditure is among the highest 1%'],1,1,1,89.77946545932525,0.0,32.25806451612903,27.692307692307693,0,1,1,3,4,43.41288735245118,12,55.41,HIGH,HIGH,Multi-Engine Consensus,"[""['No major rule-based risk indicators were detected.']"", ""['Project expenditure is among the highest 1%']""]",2,"ML Anomaly, Financial, Statistical",70.16,P2 - HIGH PRIORITY,108,HIGH,55.41,70.16,P2 - HIGH PRIORITY,3,"ML Anomaly, Financial, Statistical",Final AI risk score: 55.41 | Final AI risk level: HIGH | 3 independent risk engines detected significant risk signals. | Payment count: 1.0 | Unique vendors: 1.0
WS/MP18337/2025-2026/156944,Kerala,PALAKKAD(DISTRICT COLLECTOR PALAKKAD_IDA),K RADHAKRISHNAN,ALATHUR(SC),Normal/Others,CONSTRUCTION OF THOTTUMEDU  SC SANKETHAM ROAD (SC),2024-12-04,2353898.0,,,,,,2353898.0,1.0,1.0,0,0,1,,,,,,,,,1.0,2025-2026,2024,12,88.82430261428362,1,0,ISOLATION_FOREST_ONLY,ISOLATION_FOREST,MEDIUM,1,1,0.0,['No major rule-based risk indicators were detected.'],20,MEDIUM,['Project expenditure is among the highest 1%'],18,MEDIUM,['Project expenditure is among the highest 1%'],1,1,1,88.82430261428362,0.0,32.25806451612903,27.692307692307693,0,1,1,3,4,43.078580356686615,12,55.08,HIGH,HIGH,Multi-Engine Consensus,"[""['No major rule-based risk indicators were detected.']"", ""['Project expenditure is among the highest 1%']""]",2,"ML Anomaly, Financial, Statistical",70.03,P2 - HIGH PRIORITY,109,HIGH,55.08,70.03,P2 - HIGH PRIORITY,3,"ML Anomaly, Financial, Statistical",Final AI risk score: 55.08 | Final AI risk level: HIGH | 3 independent risk engines detected significant risk signals. | Payment count: 1.0 | Unique vendors: 1.0
WS/MP18245/2025-2026/153066,West Bengal,HOOGHLY(DISTRICT MAGISTRATE HOOGHLY_IDA),BAG MITALI,ARAMBAG(SC),Normal/Others,"Installation of lift at Goghat,Kamarpukur Ramkrishna Mission Charitable dispensary & Eye care under Kamarpukur GP within Goghat-II Block.",2024-12-18,2455577.0,,,,,,2304468.0,1.0,1.0,0,0,1,,,,,,,,,1.0,2025-2026,2024,12,87.63838177303928,1,0,ISOLATION_FOREST_ONLY,ISOLATION_FOREST,MEDIUM,1,1,0.0,['No major rule-based risk indicators were detected.'],20,MEDIUM,['Project expenditure is among the highest 1%'],18,MEDIUM,['Project expenditure is among the highest 1%'],1,1,1,87.63838177303928,0.0,32.25806451612903,27.692307692307693,0,1,1,3,4,42.6635080622511,12,54.66,HIGH,HIGH,Multi-Engine Consensus,"[""['No major rule-based risk indicators were detected.']"", ""['Project expenditure is among the highest 1%']""]",2,"ML Anomaly, Financial, Statistical",69.86,P2 - HIGH PRIORITY,110,HIGH,54.66,69.86,P2 - HIGH PRIORITY,3,"ML Anomaly, Financial, Statistical",Final AI risk score: 54.66 | Final AI risk level: HIGH | 3 independent risk engines detected significant risk signals. | Payment count: 1.0 | Unique vendors: 1.0
WS/MP18003/2024-2025/157509,Andhra Pradesh,Ananthapuramu(DISTRICT COLLECTOR ANANTAPUR_IDA),AMBICA G LAKSHMINARAYANA VALMIKI,ANANTAPUR,Normal/Others,Construction of Community hall at Yatakallu Village of  Settur Mandal,2024-12-09,2500000.0,,,,,,2303986.0,1.0,1.0,0,0,1,,,,,,,,,1.0,2024-2025,2024,12,87.62961881115817,1,0,ISOLATION_FOREST_ONLY,ISOLATION_FOREST,MEDIUM,1,1,0.0,['No major rule-based risk indicators were detected.'],20,MEDIUM,['Project expenditure is among the highest 1%'],18,MEDIUM,['Project expenditure is among the highest 1%'],1,1,1,87.62961881115817,0.0,32.25806451612903,27.692307692307693,0,1,1,3,4,42.660441025592704,12,54.66,HIGH,HIGH,Multi-Engine Consensus,"[""['No major rule-based risk indicators were detected.']"", ""['Project expenditure is among the highest 1%']""]",2,"ML Anomaly, Financial, Statistical",69.86,P2 - HIGH PRIORITY,111,HIGH,54.66,69.86,P2 - HIGH PRIORITY,3,"ML Anomaly, Financial, Statistical",Final AI risk score: 54.66 | Final AI risk level: HIGH | 3 independent risk engines detected significant risk signals. | Payment count: 1.0 | Unique vendors: 1.0
WS/MP017/2025-2026/156775,Tamil Nadu,THIRUVALLUR(DISTRICT COLLECTOR TIRUVALLUR_IDA),S. Jagathrakshakan,ARAKKONAM,Normal/Others,Construction of Bus Stop near Bus depot connecting Arakkonam Road,2024-12-03,2300000.0,,,,,,2300000.0,1.0,1.0,0,0,1,,,,,,,,,1.0,2025-2026,2024,12,87.57704103987147,1,0,ISOLATION_FOREST_ONLY,ISOLATION_FOREST,MEDIUM,1,1,0.0,['No major rule-based risk indicators were detected.'],20,MEDIUM,['Project expenditure is among the highest 1%'],18,MEDIUM,['Project expenditure is among the highest 1%'],1,1,1,87.57704103987147,0.0,32.25806451612903,27.692307692307693,0,1,1,3,4,42.64203880564236,12,54.64,HIGH,HIGH,Multi-Engine Consensus,"[""['No major rule-based risk indicators were detected.']"", ""['Project expenditure is among the highest 1%']""]",2,"ML Anomaly, Financial, Statistical",69.86,P2 - HIGH PRIORITY,112,HIGH,54.64,69.86,P2 - HIGH PRIORITY,3,"ML Anomaly, Financial, Statistical",Final AI risk score: 54.64 | Final AI risk level: HIGH | 3 independent risk engines detected significant risk signals. | Payment count: 1.0 | Unique vendors: 1.0
WS/MP664/2025-2026/146368,Maharashtra,MUMBAI(DISTRICT COLLECTOR MUMBAI CITY_IDA),Arvind Ganpat Sawant,MUMBAI SOUTH,Normal/Others,uday krida mandal janta colony worlikoliwada worli community hall,2024-10-08,1795410.0,2025-09-17,1795410.0,Physical Inspection,,,1795410.0,1.0,1.0,1,0,1,344.0,,0.0,1.0,1.0,0.0,,,1.0,2025-2026,2024,10,87.20023367898348,1,0,ISOLATION_FOREST_ONLY,ISOLATION_FOREST,MEDIUM,1,1,0.0,['No major rule-based risk indicators were detected.'],20,MEDIUM,['Project expenditure is among the highest 1%'],18,MEDIUM,['Project expenditure is among the highest 1%'],1,1,1,87.20023367898348,0.0,32.25806451612903,27.692307692307693,0,1,1,3,4,42.51015622933157,12,54.51,HIGH,HIGH,Multi-Engine Consensus,"[""['No major rule-based risk indicators were detected.']"", ""['Project expenditure is among the highest 1%']""]",2,"ML Anomaly, Financial, Statistical",69.8,P2 - HIGH PRIORITY,113,HIGH,54.51,69.8,P2 - HIGH PRIORITY,3,"ML Anomaly, Financial, Statistical",Final AI risk score: 54.51 | Final AI risk level: HIGH | 3 independent risk engines detected significant risk signals. | Recorded expenditure ratio: 1.0 | Payment count: 1.0 | Unique vendors: 1.0
WS/MP643/2025-2026/146594,Madhya Pradesh,Khandwa (East Nimar)(DISTRICT COLLECTOR EAST NIMAR_IDA),Gyaneshwar Patil,KHANDWA,Normal/Others,sanskrutik bhavan at richfal,2024-10-10,500000.0,2025-04-23,500000.0,Work partially Completed,,,499990.0,19.0,8.0,1,0,1,195.0,,0.0,0.99998,1.0,-10.0,,,2.375,2025-2026,2024,10,65.54841536439316,1,0,ISOLATION_FOREST_ONLY,ISOLATION_FOREST,MEDIUM,1,1,10.0,['Moderately unusual anomaly pattern detected.'],12,LOW,['Extremely high number of payment transactions'],30,MEDIUM,"['Extremely high number of payment transactions', 'Extremely high payment concentration per vendor']",1,1,1,65.54841536439316,25.0,19.35483870967742,46.15384615384615,1,0,1,3,4,42.29368235024233,12,54.29,HIGH,HIGH,Multi-Engine Consensus,"[""['Moderately unusual anomaly pattern detected.']"", ""['Extremely high number of payment transactions']"", ""['Extremely high number of payment transactions', 'Extremely high payment concentration per vendor']""]",3,"ML Anomaly, Rule-Based, Statistical",69.72,P2 - HIGH PRIORITY,114,HIGH,54.29,69.72,P2 - HIGH PRIORITY,3,"ML Anomaly, Rule-Based, Statistical",Final AI risk score: 54.29 | Final AI risk level: HIGH | 3 independent risk engines detected significant risk signals. | Recorded expenditure ratio: 0.99998 | Payment count: 19.0 | Unique vendors: 8.0
WS/MP18308/2025-2026/145424,Maharashtra,MUMBAI SUBURBAN(DISTRICT COLLECTOR MUMBAI SUBURBAN_IDA),RAVINDRA DATTARAM WAIKAR,MUMBAI NORTH WEST,Normal/Others,"Construction of Sabhamandap Near Shri Krushna Nagar SRA Parisar, Building No.2, Goregaon (E)",2024-10-08,1800000.0,2026-01-20,1800000.0,Vendor Identification,,,1798634.0,1.0,1.0,1,0,1,469.0,,0.0,0.9992411111111112,1.0,-1366.0,,,1.0,2025-2026,2024,10,86.19249306265517,1,0,ISOLATION_FOREST_ONLY,ISOLATION_FOREST,MEDIUM,1,1,0.0,['No major rule-based risk indicators were detected.'],20,MEDIUM,['Project expenditure is among the highest 1%'],18,MEDIUM,['Project expenditure is among the highest 1%'],1,1,1,86.19249306265517,0.0,32.25806451612903,27.692307692307693,0,1,1,3,4,42.157447013616654,12,54.16,HIGH,HIGH,Multi-Engine Consensus,"[""['No major rule-based risk indicators were detected.']"", ""['Project expenditure is among the highest 1%']""]",2,"ML Anomaly, Financial, Statistical",69.66,P2 - HIGH PRIORITY,115,HIGH,54.16,69.66,P2 - HIGH PRIORITY,3,"ML Anomaly, Financial, Statistical",Final AI risk score: 54.16 | Final AI risk level: HIGH | 3 independent risk engines detected significant risk signals. | Recorded expenditure ratio: 0.9992411111111112 | Payment count: 1.0 | Unique vendors: 1.0
WS/MP18394/2024-2025/148069,Tamil Nadu,NAMAKKAL(DISTRICT COLLECTOR NAMAKKAL_IDA),V S Matheswaran,NAMAKKAL,Normal/Others,Construction of anganwadie Ward No.8 Paramathi Town Panchayat,2024-10-17,1800000.0,2024-12-12,1800000.0,Physical Inspection,,,1800000.0,1.0,1.0,1,0,1,56.0,,0.0,1.0,1.0,0.0,,,1.0,2024-2025,2024,10,84.91602161530597,1,0,ISOLATION_FOREST_ONLY,ISOLATION_FOREST,MEDIUM,1,1,0.0,['No major rule-based risk indicators were detected.'],20,MEDIUM,['Project expenditure is among the highest 1%'],18,MEDIUM,['Project expenditure is among the highest 1%'],1,1,1,84.91602161530597,0.0,32.25806451612903,27.692307692307693,0,1,1,3,4,41.71068200704443,12,53.71,HIGH,HIGH,Multi-Engine Consensus,"[""['No major rule-based risk indicators were detected.']"", ""['Project expenditure is among the highest 1%']""]",2,"ML Anomaly, Financial, Statistical",69.48,P2 - HIGH PRIORITY,116,HIGH,53.71,69.48,P2 - HIGH PRIORITY,3,"ML Anomaly, Financial, Statistical",Final AI risk score: 53.71 | Final AI risk level: HIGH | 3 independent risk engines detected significant risk signals. | Recorded expenditure ratio: 1.0 | Payment count: 1.0 | Unique vendors: 1.0
WS/MP18258/2025-2026/159947,Maharashtra,CHANDRAPUR(DISTRICT COLLECTOR CHANDRAPUR_IDA),DHANORKAR PRATIBHA SURESH ALIAS BALUBHAU,CHANDRAPUR,Normal/Others,Construction of slab drain for protection of underground pipeline of Ordnance Factory Chanda Colony on Majri Deurwada Dhorvasa Pipri Mursa (M.D.R. 10) road between Dhorvasa and Pipri Pochmarg in Taluka Bhadravati District Chandrapur.,2025-01-06,2500000.0,,,,,,1806232.0,1.0,1.0,0,0,1,,,,,,,,,1.0,2025-2026,2025,1,84.27340441069082,1,0,ISOLATION_FOREST_ONLY,ISOLATION_FOREST,MEDIUM,1,1,0.0,['No major rule-based risk indicators were detected.'],20,MEDIUM,['Project expenditure is among the highest 1%'],18,MEDIUM,['Project expenditure is among the highest 1%'],1,1,1,84.27340441069082,0.0,32.25806451612903,27.692307692307693,0,1,1,3,4,41.48576598542913,12,53.49,HIGH,HIGH,Multi-Engine Consensus,"[""['No major rule-based risk indicators were detected.']"", ""['Project expenditure is among the highest 1%']""]",2,"ML Anomaly, Financial, Statistical",69.4,P2 - HIGH PRIORITY,117,HIGH,53.49,69.4,P2 - HIGH PRIORITY,3,"ML Anomaly, Financial, Statistical",Final AI risk score: 53.49 | Final AI risk level: HIGH | 3 independent risk engines detected significant risk signals. | Payment count: 1.0 | Unique vendors: 1.0
WS/MP18312/2025-2026/154890,Tamil Nadu,TIRUCHIRAPPALLI(DISTRICT COLLECTOR TIRUCHIRAPPALLI_IDA),DURAI VAIKO,TIRUCHIRAPPALLI,Normal/Others,Construction of PDS centre at Ward no: 43 at KK Nagar Burma Colony in TCC (2024-25).,2024-11-27,1832032.0,,,,,,1832032.0,1.0,1.0,0,0,1,,,,,,,,,1.0,2025-2026,2024,11,84.00759456696363,1,0,ISOLATION_FOREST_ONLY,ISOLATION_FOREST,MEDIUM,1,1,0.0,['No major rule-based risk indicators were detected.'],20,MEDIUM,['Project expenditure is among the highest 1%'],18,MEDIUM,['Project expenditure is among the highest 1%'],1,1,1,84.00759456696363,0.0,32.25806451612903,27.692307692307693,0,1,1,3,4,41.39273254012461,12,53.39,HIGH,HIGH,Multi-Engine Consensus,"[""['No major rule-based risk indicators were detected.']"", ""['Project expenditure is among the highest 1%']""]",2,"ML Anomaly, Financial, Statistical",69.36,P2 - HIGH PRIORITY,118,HIGH,53.39,69.36,P2 - HIGH PRIORITY,3,"ML Anomaly, Financial, Statistical",Final AI risk score: 53.39 | Final AI risk level: HIGH | 3 independent risk engines detected significant risk signals. | Payment count: 1.0 | Unique vendors: 1.0
WS/MP18394/2024-2025/143010,Tamil Nadu,NAMAKKAL(DISTRICT COLLECTOR NAMAKKAL_IDA),V S Matheswaran,NAMAKKAL,Normal/Others,Construction of New Anganwadi at ward no.7 Jankalapuram SENTHAMANGALAM TP,2024-09-25,1850000.0,2024-10-10,1850000.0,Physical Inspection,,,1850000.0,1.0,1.0,1,0,1,15.0,,0.0,1.0,1.0,0.0,,,1.0,2024-2025,2024,9,83.93164889732729,1,0,ISOLATION_FOREST_ONLY,ISOLATION_FOREST,MEDIUM,1,1,0.0,['No major rule-based risk indicators were detected.'],20,MEDIUM,['Project expenditure is among the highest 1%'],18,MEDIUM,['Project expenditure is among the highest 1%'],1,1,1,83.93164889732729,0.0,32.25806451612903,27.692307692307693,0,1,1,3,4,41.3661515557519,12,53.37,HIGH,HIGH,Multi-Engine Consensus,"[""['No major rule-based risk indicators were detected.']"", ""['Project expenditure is among the highest 1%']""]",2,"ML Anomaly, Financial, Statistical",69.35,P2 - HIGH PRIORITY,119,HIGH,53.37,69.35,P2 - HIGH PRIORITY,3,"ML Anomaly, Financial, Statistical",Final AI risk score: 53.37 | Final AI risk level: HIGH | 3 independent risk engines detected significant risk signals. | Recorded expenditure ratio: 1.0 | Payment count: 1.0 | Unique vendors: 1.0
WS/MP18007/2024-2025/147244,Andhra Pradesh,Eluru(DISTRICT COLLECTOR ELURU_IDA),Putta Mahesh Kumar,ELURU,Normal/Others,Construction of 1st Floor on existing Multipurpose Hall in 26th Division located at Janmabhoomi Park near Yadava area at Ameenapeta of Eluru,2024-10-14,2050000.0,2025-02-05,2050000.0,Physical Inspection,,,1863616.0,1.0,1.0,1,0,1,114.0,,0.0,0.909080975609756,1.0,-186384.0,,,1.0,2024-2025,2024,10,83.89951803709654,1,0,ISOLATION_FOREST_ONLY,ISOLATION_FOREST,MEDIUM,1,1,0.0,['No major rule-based risk indicators were detected.'],20,MEDIUM,['Project expenditure is among the highest 1%'],18,MEDIUM,['Project expenditure is among the highest 1%'],1,1,1,83.89951803709654,0.0,32.25806451612903,27.692307692307693,0,1,1,3,4,41.35490575467114,12,53.35,HIGH,HIGH,Multi-Engine Consensus,"[""['No major rule-based risk indicators were detected.']"", ""['Project expenditure is among the highest 1%']""]",2,"ML Anomaly, Financial, Statistical",69.34,P2 - HIGH PRIORITY,120,HIGH,53.35,69.34,P2 - HIGH PRIORITY,3,"ML Anomaly, Financial, Statistical",Final AI risk score: 53.35 | Final AI risk level: HIGH | 3 independent risk engines detected significant risk signals. | Recorded expenditure ratio: 0.909080975609756 | Payment count: 1.0 | Unique vendors: 1.0
WS/MP18180/2025-2026/143525,Tamil Nadu,TIRUCHIRAPPALLI(DISTRICT COLLECTOR TIRUCHIRAPPALLI_IDA),ARUN NEHRU,PERAMBALUR,Normal/Others,Construction of Two Addnl Classrooms for PUPS venkatesapuram in venkatesapuram pt in Thuraiyur Panchayat Union,2024-09-25,3460000.0,2025-06-26,3460000.0,Work partially Completed,,,2211213.0,1.0,1.0,1,0,1,274.0,,0.0,0.6390789017341041,1.0,-1248787.0,,,1.0,2025-2026,2024,9,83.85570322769095,1,0,ISOLATION_FOREST_ONLY,ISOLATION_FOREST,MEDIUM,1,1,0.0,['No major rule-based risk indicators were detected.'],20,MEDIUM,['Project expenditure is among the highest 1%'],18,MEDIUM,['Project expenditure is among the highest 1%'],1,1,1,83.85570322769095,0.0,32.25806451612903,27.692307692307693,0,1,1,3,4,41.33957057137918,12,53.34,HIGH,HIGH,Multi-Engine Consensus,"[""['No major rule-based risk indicators were detected.']"", ""['Project expenditure is among the highest 1%']""]",2,"ML Anomaly, Financial, Statistical",69.34,P2 - HIGH PRIORITY,121,HIGH,53.34,69.34,P2 - HIGH PRIORITY,3,"ML Anomaly, Financial, Statistical",Final AI risk score: 53.34 | Final AI risk level: HIGH | 3 independent risk engines detected significant risk signals. | Recorded expenditure ratio: 0.6390789017341041 | Payment count: 1.0 | Unique vendors: 1.0
WS/MP18082/2024-2025/154596,Karnataka,CHITRADURGA(DEPUTY COMMISSIONER CHITRADURGA_IDA),GOVIND MAKTHAPPA KARJOL,CHITRADURGA(SC),Normal/Others,Construction of Room building with furniture in the Premises of Chitradurga District Court,2024-11-25,2500000.0,,,,,,1875000.0,1.0,1.0,0,0,1,,,,,,,,,1.0,2024-2025,2024,11,83.73594274864904,1,0,ISOLATION_FOREST_ONLY,ISOLATION_FOREST,MEDIUM,1,1,0.0,['No major rule-based risk indicators were detected.'],20,MEDIUM,['Project expenditure is among the highest 1%'],18,MEDIUM,['Project expenditure is among the highest 1%'],1,1,1,83.73594274864904,0.0,32.25806451612903,27.692307692307693,0,1,1,3,4,41.29765440371451,12,53.3,HIGH,HIGH,Multi-Engine Consensus,"[""['No major rule-based risk indicators were detected.']"", ""['Project expenditure is among the highest 1%']""]",2,"ML Anomaly, Financial, Statistical",69.32,P2 - HIGH PRIORITY,122,HIGH,53.3,69.32,P2 - HIGH PRIORITY,3,"ML Anomaly, Financial, Statistical",Final AI risk score: 53.3 | Final AI risk level: HIGH | 3 independent risk engines detected significant risk signals. | Payment count: 1.0 | Unique vendors: 1.0
WS/MP18250/2025-2026/139010,West Bengal,North 24 Parganas(DISTRICT MAGISTRATE NORTH TWENTY FOUR PARGANAS_IDA),SK NURUL ISLAM,BASIRHAT,Normal/Others,Installation of 100 pcs. Street Electric Light under Nimdaria Kodalia G.P (Sl.No-18),2024-09-05,2200000.0,2025-07-04,2200000.0,Work Completed,,,2181686.0,1.0,1.0,1,0,1,302.0,,0.0,0.9916754545454546,1.0,-18314.0,,,1.0,2025-2026,2024,9,82.12939973711114,1,0,ISOLATION_FOREST_ONLY,ISOLATION_FOREST,MEDIUM,1,1,0.0,['No major rule-based risk indicators were detected.'],20,MEDIUM,['Project expenditure is among the highest 1%'],18,MEDIUM,['Project expenditure is among the highest 1%'],1,1,1,82.12939973711114,0.0,32.25806451612903,27.692307692307693,0,1,1,3,4,40.735364349676246,12,52.74,HIGH,HIGH,Multi-Engine Consensus,"[""['No major rule-based risk indicators were detected.']"", ""['Project expenditure is among the highest 1%']""]",2,"ML Anomaly, Financial, Statistical",69.1,P2 - HIGH PRIORITY,123,HIGH,52.74,69.1,P2 - HIGH PRIORITY,3,"ML Anomaly, Financial, Statistical",Final AI risk score: 52.74 | Final AI risk level: HIGH | 3 independent risk engines detected significant risk signals. | Recorded expenditure ratio: 0.9916754545454546 | Payment count: 1.0 | Unique vendors: 1.0
WS/MP823/2024-2025/139556,West Bengal,NADIA(DISTRICT MAGISTRATE NADIA_IDA),Ms Mahua Moitra,KRISHNANAGAR,Normal/Others,"Decoration of Smart Class Room at Asannagar MMT College under Asannagar GP, Block Krishnagar-I, Nadia.",2024-09-07,1938436.0,2025-01-27,1938436.0,Physical Inspection,,,1938436.0,1.0,1.0,1,0,1,142.0,,0.0,1.0,1.0,0.0,,,1.0,2024-2025,2024,9,81.58609610048197,1,0,ISOLATION_FOREST_ONLY,ISOLATION_FOREST,MEDIUM,1,1,0.0,['No major rule-based risk indicators were detected.'],20,MEDIUM,['Project expenditure is among the highest 1%'],18,MEDIUM,['Project expenditure is among the highest 1%'],1,1,1,81.58609610048197,0.0,32.25806451612903,27.692307692307693,0,1,1,3,4,40.54520807685604,12,52.55,HIGH,HIGH,Multi-Engine Consensus,"[""['No major rule-based risk indicators were detected.']"", ""['Project expenditure is among the highest 1%']""]",2,"ML Anomaly, Financial, Statistical",69.02,P2 - HIGH PRIORITY,124,HIGH,52.55,69.02,P2 - HIGH PRIORITY,3,"ML Anomaly, Financial, Statistical",Final AI risk score: 52.55 | Final AI risk level: HIGH | 3 independent risk engines detected significant risk signals. | Recorded expenditure ratio: 1.0 | Payment count: 1.0 | Unique vendors: 1.0
WS/MP18252/2025-2026/157227,West Bengal,Purba Medinipur(DISTRICT MAGISTRATE PURBA MEDINIPUR_IDA),ADHIKARI SOUMENDU,KANTHI,Normal/Others,Installation of (08) nos. Solar high mast street light at different place of Deshpran Block,2024-12-06,2159558.0,,,,,,2159558.0,1.0,1.0,0,0,1,,,,,,,,,1.0,2025-2026,2024,12,81.54374178472324,1,0,ISOLATION_FOREST_ONLY,ISOLATION_FOREST,MEDIUM,1,1,0.0,['No major rule-based risk indicators were detected.'],20,MEDIUM,['Project expenditure is among the highest 1%'],18,MEDIUM,['Project expenditure is among the highest 1%'],1,1,1,81.54374178472324,0.0,32.25806451612903,27.692307692307693,0,1,1,3,4,40.53038406634048,12,52.53,HIGH,HIGH,Multi-Engine Consensus,"[""['No major rule-based risk indicators were detected.']"", ""['Project expenditure is among the highest 1%']""]",2,"ML Anomaly, Financial, Statistical",69.01,P2 - HIGH PRIORITY,125,HIGH,52.53,69.01,P2 - HIGH PRIORITY,3,"ML Anomaly, Financial, Statistical",Final AI risk score: 52.53 | Final AI risk level: HIGH | 3 independent risk engines detected significant risk signals. | Payment count: 1.0 | Unique vendors: 1.0
WS/MP18252/2025-2026/157245,West Bengal,Purba Medinipur(DISTRICT MAGISTRATE PURBA MEDINIPUR_IDA),ADHIKARI SOUMENDU,KANTHI,Normal/Others,Installation of (08) nos. Solar high mast street light at different place of Ramnagar-II Block,2024-12-06,2159558.0,,,,,,2159558.0,1.0,1.0,0,0,1,,,,,,,,,1.0,2025-2026,2024,12,81.54374178472324,1,0,ISOLATION_FOREST_ONLY,ISOLATION_FOREST,MEDIUM,1,1,0.0,['No major rule-based risk indicators were detected.'],20,MEDIUM,['Project expenditure is among the highest 1%'],18,MEDIUM,['Project expenditure is among the highest 1%'],1,1,1,81.54374178472324,0.0,32.25806451612903,27.692307692307693,0,1,1,3,4,40.53038406634048,12,52.53,HIGH,HIGH,Multi-Engine Consensus,"[""['No major rule-based risk indicators were detected.']"", ""['Project expenditure is among the highest 1%']""]",2,"ML Anomaly, Financial, Statistical",69.01,P2 - HIGH PRIORITY,126,HIGH,52.53,69.01,P2 - HIGH PRIORITY,3,"ML Anomaly, Financial, Statistical",Final AI risk score: 52.53 | Final AI risk level: HIGH | 3 independent risk engines detected significant risk signals. | Payment count: 1.0 | Unique vendors: 1.0
WS/MP719/2025-2026/151460,Rajasthan,AJMER(DISTRICT COLLECTOR AJMER_IDA),Bhagirath Chaudhary,AJMER,Normal/Others,"Construction of community Halls at ward no. 55, ajmer south assembly constituency.",2024-11-08,5100000.0,,,,,,2016972.0,1.0,1.0,0,0,1,,,,,,,,,1.0,2025-2026,2024,11,81.15086899371988,1,0,ISOLATION_FOREST_ONLY,ISOLATION_FOREST,MEDIUM,1,1,0.0,['No major rule-based risk indicators were detected.'],20,MEDIUM,['Project expenditure is among the highest 1%'],18,MEDIUM,['Project expenditure is among the highest 1%'],1,1,1,81.15086899371988,0.0,32.25806451612903,27.692307692307693,0,1,1,3,4,40.3928785894893,12,52.39,HIGH,HIGH,Multi-Engine Consensus,"[""['No major rule-based risk indicators were detected.']"", ""['Project expenditure is among the highest 1%']""]",2,"ML Anomaly, Financial, Statistical",68.96,P2 - HIGH PRIORITY,127,HIGH,52.39,68.96,P2 - HIGH PRIORITY,3,"ML Anomaly, Financial, Statistical",Final AI risk score: 52.39 | Final AI risk level: HIGH | 3 independent risk engines detected significant risk signals. | Payment count: 1.0 | Unique vendors: 1.0
WS/MP18337/2025-2026/156910,Kerala,THRISSUR(DISTRICT COLLECTOR THRISSUR_IDA),K RADHAKRISHNAN,ALATHUR(SC),Normal/Others,PULLUR PADAM ROAD CONSTRUCTION (SC),2024-12-04,2010855.0,,,,,,2010855.0,1.0,1.0,0,0,1,,,,,,,,,1.0,2025-2026,2024,12,80.8295603914123,1,0,ISOLATION_FOREST_ONLY,ISOLATION_FOREST,MEDIUM,1,1,0.0,['No major rule-based risk indicators were detected.'],20,MEDIUM,['Project expenditure is among the highest 1%'],18,MEDIUM,['Project expenditure is among the highest 1%'],1,1,1,80.8295603914123,0.0,32.25806451612903,27.692307692307693,0,1,1,3,4,40.28042057868165,12,52.28,HIGH,HIGH,Multi-Engine Consensus,"[""['No major rule-based risk indicators were detected.']"", ""['Project expenditure is among the highest 1%']""]",2,"ML Anomaly, Financial, Statistical",68.91,P2 - HIGH PRIORITY,128,HIGH,52.28,68.91,P2 - HIGH PRIORITY,3,"ML Anomaly, Financial, Statistical",Final AI risk score: 52.28 | Final AI risk level: HIGH | 3 independent risk engines detected significant risk signals. | Payment count: 1.0 | Unique vendors: 1.0
WS/MP18183/2025-2026/140746,Tamil Nadu,THANJAVUR(DISTRICT COLLECTOR THANJAVUR_IDA),MURASOLI S,THANJAVUR,Normal/Others,"Construction of New PDS Building  Perumal Koil Street, Pattukottai City,ward no 19",2024-09-14,1965000.0,2025-06-09,1965000.0,Physical Inspection,,,1965000.0,1.0,1.0,1,0,1,268.0,,0.0,1.0,1.0,0.0,,,1.0,2025-2026,2024,9,80.39725427194392,1,0,ISOLATION_FOREST_ONLY,ISOLATION_FOREST,MEDIUM,1,1,0.0,['No major rule-based risk indicators were detected.'],20,MEDIUM,['Project expenditure is among the highest 1%'],18,MEDIUM,['Project expenditure is among the highest 1%'],1,1,1,80.39725427194392,0.0,32.25806451612903,27.692307692307693,0,1,1,3,4,40.12911343686772,12,52.13,HIGH,HIGH,Multi-Engine Consensus,"[""['No major rule-based risk indicators were detected.']"", ""['Project expenditure is among the highest 1%']""]",2,"ML Anomaly, Financial, Statistical",68.85,P2 - HIGH PRIORITY,129,HIGH,52.13,68.85,P2 - HIGH PRIORITY,3,"ML Anomaly, Financial, Statistical",Final AI risk score: 52.13 | Final AI risk level: HIGH | 3 independent risk engines detected significant risk signals. | Recorded expenditure ratio: 1.0 | Payment count: 1.0 | Unique vendors: 1.0
WS/MP18308/2025-2026/145425,Maharashtra,MUMBAI SUBURBAN(DISTRICT COLLECTOR MUMBAI SUBURBAN_IDA),RAVINDRA DATTARAM WAIKAR,MUMBAI NORTH WEST,Normal/Others,"Construction of 14 seated Toilet block at Shri Hanuman Tekadi Seva Mandal, Shankar Desai Chawl, Tanaji Nagar, Malad (E)",2024-10-08,2100000.0,2026-03-25,2100000.0,Work partially Completed,,,2098407.0,1.0,1.0,1,0,1,533.0,,0.0,0.9992414285714286,1.0,-1593.0,,,1.0,2025-2026,2024,10,80.08178764422375,1,0,ISOLATION_FOREST_ONLY,ISOLATION_FOREST,MEDIUM,1,1,0.0,['No major rule-based risk indicators were detected.'],20,MEDIUM,['Project expenditure is among the highest 1%'],18,MEDIUM,['Project expenditure is among the highest 1%'],1,1,1,80.08178764422375,0.0,32.25806451612903,27.692307692307693,0,1,1,3,4,40.01870011716566,12,52.02,HIGH,HIGH,Multi-Engine Consensus,"[""['No major rule-based risk indicators were detected.']"", ""['Project expenditure is among the highest 1%']""]",2,"ML Anomaly, Financial, Statistical",68.81,P2 - HIGH PRIORITY,130,HIGH,52.02,68.81,P2 - HIGH PRIORITY,3,"ML Anomaly, Financial, Statistical",Final AI risk score: 52.02 | Final AI risk level: HIGH | 3 independent risk engines detected significant risk signals. | Recorded expenditure ratio: 0.9992414285714286 | Payment count: 1.0 | Unique vendors: 1.0
WS/MP664/2025-2026/146367,Maharashtra,MUMBAI(DISTRICT COLLECTOR MUMBAI CITY_IDA),Arvind Ganpat Sawant,MUMBAI SOUTH,Normal/Others,janta rahiwasi seva sangh worlikoliwada worli community hall,2024-10-08,2094646.0,2025-09-17,2094646.0,Physical Inspection,,,2094646.0,1.0,1.0,1,0,1,344.0,,0.0,1.0,1.0,0.0,,,1.0,2025-2026,2024,10,79.89776544472032,1,0,ISOLATION_FOREST_ONLY,ISOLATION_FOREST,MEDIUM,1,1,0.0,['No major rule-based risk indicators were detected.'],20,MEDIUM,['Project expenditure is among the highest 1%'],18,MEDIUM,['Project expenditure is among the highest 1%'],1,1,1,79.89776544472032,0.0,32.25806451612903,27.692307692307693,0,1,1,3,4,39.954292347339454,12,51.95,HIGH,HIGH,Multi-Engine Consensus,"[""['No major rule-based risk indicators were detected.']"", ""['Project expenditure is among the highest 1%']""]",2,"ML Anomaly, Financial, Statistical",68.78,P2 - HIGH PRIORITY,131,HIGH,51.95,68.78,P2 - HIGH PRIORITY,3,"ML Anomaly, Financial, Statistical",Final AI risk score: 51.95 | Final AI risk level: HIGH | 3 independent risk engines detected significant risk signals. | Recorded expenditure ratio: 1.0 | Payment count: 1.0 | Unique vendors: 1.0
WS/MP18182/2025-2026/152307,Tamil Nadu,TENKASI(DISTRICT COLLECTOR TENKASI_IDA),DR RANI SRI KUMAR,TENKASI(SC),Normal/Others,Providing Block Topping Road and construction of Retaining wall at Taluk Office Road from Avudaiyalpuram main road to New Taluk Office in Thiruvengadam Town Panchayat,2024-11-14,2000000.0,,,,,,2000000.0,1.0,1.0,0,0,1,,,,,,,,,1.0,2025-2026,2024,11,79.81889878779027,1,0,ISOLATION_FOREST_ONLY,ISOLATION_FOREST,MEDIUM,1,1,0.0,['No major rule-based risk indicators were detected.'],20,MEDIUM,['Project expenditure is among the highest 1%'],18,MEDIUM,['Project expenditure is among the highest 1%'],1,1,1,79.81889878779027,0.0,32.25806451612903,27.692307692307693,0,1,1,3,4,39.92668901741394,12,51.93,HIGH,HIGH,Multi-Engine Consensus,"[""['No major rule-based risk indicators were detected.']"", ""['Project expenditure is among the highest 1%']""]",2,"ML Anomaly, Financial, Statistical",68.77,P2 - HIGH PRIORITY,132,HIGH,51.93,68.77,P2 - HIGH PRIORITY,3,"ML Anomaly, Financial, Statistical",Final AI risk score: 51.93 | Final AI risk level: HIGH | 3 independent risk engines detected significant risk signals. | Payment count: 1.0 | Unique vendors: 1.0
WS/MP394/2025-2026/136043,Tamil Nadu,KANNIYAKUMARI(DISTRICT COLLECTOR KANNIYAKUMARI_IDA),Shri vijayakumar Vasanth,KANNIYAKUMARI,Normal/Others,kottaram peruratchi vilagathil samudhaya nala koodam,2024-08-17,2000000.0,2026-01-13,2000000.0,Physical Inspection,,,2000000.0,1.0,1.0,1,0,1,514.0,,0.0,1.0,1.0,0.0,,,1.0,2025-2026,2024,8,79.8086753322623,1,0,ISOLATION_FOREST_ONLY,ISOLATION_FOREST,MEDIUM,1,1,0.0,['No major rule-based risk indicators were detected.'],20,MEDIUM,['Project expenditure is among the highest 1%'],18,MEDIUM,['Project expenditure is among the highest 1%'],1,1,1,79.8086753322623,0.0,32.25806451612903,27.692307692307693,0,1,1,3,4,39.92311080797915,12,51.92,HIGH,HIGH,Multi-Engine Consensus,"[""['No major rule-based risk indicators were detected.']"", ""['Project expenditure is among the highest 1%']""]",2,"ML Anomaly, Financial, Statistical",68.77,P2 - HIGH PRIORITY,133,HIGH,51.92,68.77,P2 - HIGH PRIORITY,3,"ML Anomaly, Financial, Statistical",Final AI risk score: 51.92 | Final AI risk level: HIGH | 3 independent risk engines detected significant risk signals. | Recorded expenditure ratio: 1.0 | Payment count: 1.0 | Unique vendors: 1.0
WS/MP313/2024-2025/138665,Arunachal Pradesh,LOWER DIBANG VALLEY(Deputy Commisioner Lower Dibang Valley_IDA),Shri Tapir Gao,ARUNACHAL EAST,Normal/Others,C/o MIC at Desali in Lower Dibang Valley District,2024-09-14,2000000.0,2024-11-25,2000000.0,Physical Inspection,2025-05-19,2000000.0,2000000.0,1.0,1.0,1,1,1,72.0,175.0,0.0,1.0,1.0,0.0,1.0,0.0,1.0,2024-2025,2024,9,79.8086753322623,1,0,ISOLATION_FOREST_ONLY,ISOLATION_FOREST,MEDIUM,1,1,0.0,['No major rule-based risk indicators were detected.'],20,MEDIUM,['Project expenditure is among the highest 1%'],18,MEDIUM,['Project expenditure is among the highest 1%'],1,1,1,79.8086753322623,0.0,32.25806451612903,27.692307692307693,0,1,1,3,4,39.92311080797915,12,51.92,HIGH,HIGH,Multi-Engine Consensus,"[""['No major rule-based risk indicators were detected.']"", ""['Project expenditure is among the highest 1%']""]",2,"ML Anomaly, Financial, Statistical",68.77,P2 - HIGH PRIORITY,134,HIGH,51.92,68.77,P2 - HIGH PRIORITY,3,"ML Anomaly, Financial, Statistical",Final AI risk score: 51.92 | Final AI risk level: HIGH | 3 independent risk engines detected significant risk signals. | Recorded expenditure ratio: 1.0 | Payment count: 1.0 | Unique vendors: 1.0
WS/MP313/2024-2025/138769,Arunachal Pradesh,ANJAW(Deputy Commisioner Anjaw_IDA),Shri Tapir Gao,ARUNACHAL EAST,Normal/Others,C/o Boundary Wall at GUP School Doringko in Anjaw District,2024-09-14,2000000.0,2025-02-12,2000000.0,Work Completed,,,2000000.0,1.0,1.0,1,0,1,151.0,,0.0,1.0,1.0,0.0,,,1.0,2024-2025,2024,9,79.8086753322623,1,0,ISOLATION_FOREST_ONLY,ISOLATION_FOREST,MEDIUM,1,1,0.0,['No major rule-based risk indicators were detected.'],20,MEDIUM,['Project expenditure is among the highest 1%'],18,MEDIUM,['Project expenditure is among the highest 1%'],1,1,1,79.8086753322623,0.0,32.25806451612903,27.692307692307693,0,1,1,3,4,39.92311080797915,12,51.92,HIGH,HIGH,Multi-Engine Consensus,"[""['No major rule-based risk indicators were detected.']"", ""['Project expenditure is among the highest 1%']""]",2,"ML Anomaly, Financial, Statistical",68.77,P2 - HIGH PRIORITY,135,HIGH,51.92,68.77,P2 - HIGH PRIORITY,3,"ML Anomaly, Financial, Statistical",Final AI risk score: 51.92 | Final AI risk level: HIGH | 3 independent risk engines detected significant risk signals. | Recorded expenditure ratio: 1.0 | Payment count: 1.0 | Unique vendors: 1.0
WS/MP18177/2024-2025/149344,Tamil Nadu,NAMAKKAL(DISTRICT COLLECTOR NAMAKKAL_IDA),K E PRAKASH,ERODE,Normal/Others,Construction of Bathing Ghat at ward No:4 on the river bank behind Angalamman Temple in Kumarapalayam Municipality 2024- 2025,2024-10-25,2000000.0,2024-11-20,2000000.0,Physical Inspection,,,2000000.0,1.0,1.0,1,0,1,26.0,,0.0,1.0,1.0,0.0,,,1.0,2024-2025,2024,10,79.8086753322623,1,0,ISOLATION_FOREST_ONLY,ISOLATION_FOREST,MEDIUM,1,1,0.0,['No major rule-based risk indicators were detected.'],20,MEDIUM,['Project expenditure is among the highest 1%'],18,MEDIUM,['Project expenditure is among the highest 1%'],1,1,1,79.8086753322623,0.0,32.25806451612903,27.692307692307693,0,1,1,3,4,39.92311080797915,12,51.92,HIGH,HIGH,Multi-Engine Consensus,"[""['No major rule-based risk indicators were detected.']"", ""['Project expenditure is among the highest 1%']""]",2,"ML Anomaly, Financial, Statistical",68.77,P2 - HIGH PRIORITY,136,HIGH,51.92,68.77,P2 - HIGH PRIORITY,3,"ML Anomaly, Financial, Statistical",Final AI risk score: 51.92 | Final AI risk level: HIGH | 3 independent risk engines detected significant risk signals. | Recorded expenditure ratio: 1.0 | Payment count: 1.0 | Unique vendors: 1.0
WS/MP341/2025-2026/152196,Karnataka,BENGALURU URBAN(DEPUTY COMMISSIONER BANGALORE URBAN_IDA),Shri LS Tejasvi Surya,BANGALORE SOUTH,Normal/Others,"For installation of solar street lights and development works in Triangle Park located in Hampinagar between diagonal road, 4th Cross Rd, Chowdappa Layout Rd, Hampinagar, RPC Layout, Vijayanagar, Bengaluru - 560104",2024-11-12,1999934.0,,,,,,1999934.0,1.0,1.0,0,0,1,,,,,,,,,1.0,2025-2026,2024,11,79.79845187673433,1,0,ISOLATION_FOREST_ONLY,ISOLATION_FOREST,MEDIUM,1,1,0.0,['No major rule-based risk indicators were detected.'],20,MEDIUM,['Project expenditure is among the highest 1%'],18,MEDIUM,['Project expenditure is among the highest 1%'],1,1,1,79.79845187673433,0.0,32.25806451612903,27.692307692307693,0,1,1,3,4,39.919532598544365,12,51.92,HIGH,HIGH,Multi-Engine Consensus,"[""['No major rule-based risk indicators were detected.']"", ""['Project expenditure is among the highest 1%']""]",2,"ML Anomaly, Financial, Statistical",68.77,P2 - HIGH PRIORITY,137,HIGH,51.92,68.77,P2 - HIGH PRIORITY,3,"ML Anomaly, Financial, Statistical",Final AI risk score: 51.92 | Final AI risk level: HIGH | 3 independent risk engines detected significant risk signals. | Payment count: 1.0 | Unique vendors: 1.0
WS/MP18112/2024-2025/136992,Maharashtra,AMRAVATI(DISTRICT COLLECTOR AMRAVATI_IDA),BALWANT BASWANT WANKHADE,AMRAVATI(SC),Normal/Others,"Construction Of Boundry Wall Near Ekvira English School , Chandur Ta. Daryapur Dist Amravati",2024-08-25,2000000.0,2024-12-13,2000000.0,Physical Inspection,,,1999127.0,1.0,1.0,1,0,1,110.0,,0.0,0.9995635,1.0,-873.0,,,1.0,2024-2025,2024,8,79.75171608003505,1,0,ISOLATION_FOREST_ONLY,ISOLATION_FOREST,MEDIUM,1,1,0.0,['No major rule-based risk indicators were detected.'],20,MEDIUM,['Project expenditure is among the highest 1%'],18,MEDIUM,['Project expenditure is among the highest 1%'],1,1,1,79.75171608003505,0.0,32.25806451612903,27.692307692307693,0,1,1,3,4,39.903175069699614,12,51.9,HIGH,HIGH,Multi-Engine Consensus,"[""['No major rule-based risk indicators were detected.']"", ""['Project expenditure is among the highest 1%']""]",2,"ML Anomaly, Financial, Statistical",68.76,P2 - HIGH PRIORITY,138,HIGH,51.9,68.76,P2 - HIGH PRIORITY,3,"ML Anomaly, Financial, Statistical",Final AI risk score: 51.9 | Final AI risk level: HIGH | 3 independent risk engines detected significant risk signals. | Recorded expenditure ratio: 0.9995635 | Payment count: 1.0 | Unique vendors: 1.0
WS/MP458/2025-2026/150051,Tamil Nadu,Thoothukkudi(DISTRICT COLLECTOR THOOTHUKUDI_IDA),Kanimozhi Karunanidhi,THOOTHUKKUDI,Normal/Others,Construction of Community Hall at Arunthathiyar street in Sivagnanapuram Village and Panchayat in Vilathikulam Panchayat Union,2024-11-02,1998754.0,2026-02-06,1998754.0,Physical Inspection,,,1998754.0,1.0,1.0,1,0,1,461.0,,0.0,1.0,1.0,0.0,,,1.0,2025-2026,2024,11,79.56769388053162,1,0,ISOLATION_FOREST_ONLY,ISOLATION_FOREST,MEDIUM,1,1,0.0,['No major rule-based risk indicators were detected.'],20,MEDIUM,['Project expenditure is among the highest 1%'],18,MEDIUM,['Project expenditure is among the highest 1%'],1,1,1,79.56769388053162,0.0,32.25806451612903,27.692307692307693,0,1,1,3,4,39.83876729987341,12,51.84,HIGH,HIGH,Multi-Engine Consensus,"[""['No major rule-based risk indicators were detected.']"", ""['Project expenditure is among the highest 1%']""]",2,"ML Anomaly, Financial, Statistical",68.74,P2 - HIGH PRIORITY,139,HIGH,51.84,68.74,P2 - HIGH PRIORITY,3,"ML Anomaly, Financial, Statistical",Final AI risk score: 51.84 | Final AI risk level: HIGH | 3 independent risk engines detected significant risk signals. | Recorded expenditure ratio: 1.0 | Payment count: 1.0 | Unique vendors: 1.0
WS/MP18307/2025-2026/143606,Maharashtra,MUMBAI SUBURBAN(DISTRICT COLLECTOR MUMBAI SUBURBAN_IDA),Piyush Vedprakash Goyal,MUMBAI NORTH,Normal/Others,Ward 30 - Construction of Toilets at  Iraniwadi Charkop Kandivali (West),2024-09-25,2000000.0,2026-01-30,2000000.0,Work partially Completed,,,1998482.0,1.0,1.0,1,0,1,492.0,,0.0,0.999241,1.0,-1518.0,,,1.0,2025-2026,2024,9,79.55162845041623,1,0,ISOLATION_FOREST_ONLY,ISOLATION_FOREST,MEDIUM,1,1,0.0,['No major rule-based risk indicators were detected.'],20,MEDIUM,['Project expenditure is among the highest 1%'],18,MEDIUM,['Project expenditure is among the highest 1%'],1,1,1,79.55162845041623,0.0,32.25806451612903,27.692307692307693,0,1,1,3,4,39.83314439933302,12,51.83,HIGH,HIGH,Multi-Engine Consensus,"[""['No major rule-based risk indicators were detected.']"", ""['Project expenditure is among the highest 1%']""]",2,"ML Anomaly, Financial, Statistical",68.73,P2 - HIGH PRIORITY,140,HIGH,51.83,68.73,P2 - HIGH PRIORITY,3,"ML Anomaly, Financial, Statistical",Final AI risk score: 51.83 | Final AI risk level: HIGH | 3 independent risk engines detected significant risk signals. | Recorded expenditure ratio: 0.999241 | Payment count: 1.0 | Unique vendors: 1.0
WS/MP18307/2025-2026/143607,Maharashtra,MUMBAI SUBURBAN(DISTRICT COLLECTOR MUMBAI SUBURBAN_IDA),Piyush Vedprakash Goyal,MUMBAI NORTH,Normal/Others,"Ward 7 -   Construction of Sewer and CC Passage Loading at Brahmadev Tiwari Chawl, Shagun Hotel, Nawagaon, Dahisar",2024-09-25,2000000.0,2026-03-25,2000000.0,Work partially Completed,,,1998481.0,1.0,1.0,1,0,1,546.0,,0.0,0.9992405,1.0,-1519.0,,,1.0,2025-2026,2024,9,79.53848400759456,1,0,ISOLATION_FOREST_ONLY,ISOLATION_FOREST,MEDIUM,1,1,0.0,['No major rule-based risk indicators were detected.'],20,MEDIUM,['Project expenditure is among the highest 1%'],18,MEDIUM,['Project expenditure is among the highest 1%'],1,1,1,79.53848400759456,0.0,32.25806451612903,27.692307692307693,0,1,1,3,4,39.82854384434544,12,51.83,HIGH,HIGH,Multi-Engine Consensus,"[""['No major rule-based risk indicators were detected.']"", ""['Project expenditure is among the highest 1%']""]",2,"ML Anomaly, Financial, Statistical",68.73,P2 - HIGH PRIORITY,141,HIGH,51.83,68.73,P2 - HIGH PRIORITY,3,"ML Anomaly, Financial, Statistical",Final AI risk score: 51.83 | Final AI risk level: HIGH | 3 independent risk engines detected significant risk signals. | Recorded expenditure ratio: 0.9992405 | Payment count: 1.0 | Unique vendors: 1.0
WS/MP18307/2025-2026/143608,Maharashtra,MUMBAI SUBURBAN(DISTRICT COLLECTOR MUMBAI SUBURBAN_IDA),Piyush Vedprakash Goyal,MUMBAI NORTH,Normal/Others,Ward 36- Re-construction of Toilet at near Madras Pada Kandivali (East),2024-09-25,2000000.0,2026-01-30,2000000.0,Work partially Completed,,,1998482.0,1.0,1.0,1,0,1,492.0,,0.0,0.999241,1.0,-1518.0,,,1.0,2025-2026,2024,9,79.55162845041623,1,0,ISOLATION_FOREST_ONLY,ISOLATION_FOREST,MEDIUM,1,1,0.0,['No major rule-based risk indicators were detected.'],20,MEDIUM,['Project expenditure is among the highest 1%'],18,MEDIUM,['Project expenditure is among the highest 1%'],1,1,1,79.55162845041623,0.0,32.25806451612903,27.692307692307693,0,1,1,3,4,39.83314439933302,12,51.83,HIGH,HIGH,Multi-Engine Consensus,"[""['No major rule-based risk indicators were detected.']"", ""['Project expenditure is among the highest 1%']""]",2,"ML Anomaly, Financial, Statistical",68.73,P2 - HIGH PRIORITY,142,HIGH,51.83,68.73,P2 - HIGH PRIORITY,3,"ML Anomaly, Financial, Statistical",Final AI risk score: 51.83 | Final AI risk level: HIGH | 3 independent risk engines detected significant risk signals. | Recorded expenditure ratio: 0.999241 | Payment count: 1.0 | Unique vendors: 1.0
WS/MP18308/2025-2026/145410,Maharashtra,MUMBAI SUBURBAN(DISTRICT COLLECTOR MUMBAI SUBURBAN_IDA),RAVINDRA DATTARAM WAIKAR,MUMBAI NORTH WEST,Repair and Renovation,"Construction of Road at Umedbhai Patel High School to CDEFRN Unit, Sunder Nagar, Malad (W)",2024-10-04,2000000.0,2026-01-20,2000000.0,Vendor Identification,,,1998481.0,1.0,1.0,1,0,1,473.0,,0.0,0.9992405,1.0,-1519.0,,,1.0,2025-2026,2024,10,79.53848400759456,1,0,ISOLATION_FOREST_ONLY,ISOLATION_FOREST,MEDIUM,1,1,0.0,['No major rule-based risk indicators were detected.'],20,MEDIUM,['Project expenditure is among the highest 1%'],18,MEDIUM,['Project expenditure is among the highest 1%'],1,1,1,79.53848400759456,0.0,32.25806451612903,27.692307692307693,0,1,1,3,4,39.82854384434544,12,51.83,HIGH,HIGH,Multi-Engine Consensus,"[""['No major rule-based risk indicators were detected.']"", ""['Project expenditure is among the highest 1%']""]",2,"ML Anomaly, Financial, Statistical",68.73,P2 - HIGH PRIORITY,143,HIGH,51.83,68.73,P2 - HIGH PRIORITY,3,"ML Anomaly, Financial, Statistical",Final AI risk score: 51.83 | Final AI risk level: HIGH | 3 independent risk engines detected significant risk signals. | Recorded expenditure ratio: 0.9992405 | Payment count: 1.0 | Unique vendors: 1.0
WS/MP18308/2025-2026/145414,Maharashtra,MUMBAI SUBURBAN(DISTRICT COLLECTOR MUMBAI SUBURBAN_IDA),RAVINDRA DATTARAM WAIKAR,MUMBAI NORTH WEST,Normal/Others,"Construction of Road Near Cloud-9 Hospital to Blue Horizon Society, Link Road, Malad (W)",2024-10-08,2000000.0,2026-03-25,2000000.0,Vendor Identification,,,1998482.0,1.0,1.0,1,0,1,533.0,,0.0,0.999241,1.0,-1518.0,,,1.0,2025-2026,2024,10,79.55162845041623,1,0,ISOLATION_FOREST_ONLY,ISOLATION_FOREST,MEDIUM,1,1,0.0,['No major rule-based risk indicators were detected.'],20,MEDIUM,['Project expenditure is among the highest 1%'],18,MEDIUM,['Project expenditure is among the highest 1%'],1,1,1,79.55162845041623,0.0,32.25806451612903,27.692307692307693,0,1,1,3,4,39.83314439933302,12,51.83,HIGH,HIGH,Multi-Engine Consensus,"[""['No major rule-based risk indicators were detected.']"", ""['Project expenditure is among the highest 1%']""]",2,"ML Anomaly, Financial, Statistical",68.73,P2 - HIGH PRIORITY,144,HIGH,51.83,68.73,P2 - HIGH PRIORITY,3,"ML Anomaly, Financial, Statistical",Final AI risk score: 51.83 | Final AI risk level: HIGH | 3 independent risk engines detected significant risk signals. | Recorded expenditure ratio: 0.999241 | Payment count: 1.0 | Unique vendors: 1.0
WS/MP18308/2025-2026/145418,Maharashtra,MUMBAI SUBURBAN(DISTRICT COLLECTOR MUMBAI SUBURBAN_IDA),RAVINDRA DATTARAM WAIKAR,MUMBAI NORTH WEST,Normal/Others,"Construction of Road Near Ashish Society to Daffodil Society, Pawanbaug, Malad(W)",2024-10-08,2000000.0,2025-07-01,2000000.0,Vendor Identification,,,1998481.0,1.0,1.0,1,0,1,266.0,,0.0,0.9992405,1.0,-1519.0,,,1.0,2025-2026,2024,10,79.53848400759456,1,0,ISOLATION_FOREST_ONLY,ISOLATION_FOREST,MEDIUM,1,1,0.0,['No major rule-based risk indicators were detected.'],20,MEDIUM,['Project expenditure is among the highest 1%'],18,MEDIUM,['Project expenditure is among the highest 1%'],1,1,1,79.53848400759456,0.0,32.25806451612903,27.692307692307693,0,1,1,3,4,39.82854384434544,12,51.83,HIGH,HIGH,Multi-Engine Consensus,"[""['No major rule-based risk indicators were detected.']"", ""['Project expenditure is among the highest 1%']""]",2,"ML Anomaly, Financial, Statistical",68.73,P2 - HIGH PRIORITY,145,HIGH,51.83,68.73,P2 - HIGH PRIORITY,3,"ML Anomaly, Financial, Statistical",Final AI risk score: 51.83 | Final AI risk level: HIGH | 3 independent risk engines detected significant risk signals. | Recorded expenditure ratio: 0.9992405 | Payment count: 1.0 | Unique vendors: 1.0
WS/MP18308/2025-2026/145420,Maharashtra,MUMBAI SUBURBAN(DISTRICT COLLECTOR MUMBAI SUBURBAN_IDA),RAVINDRA DATTARAM WAIKAR,MUMBAI NORTH WEST,Normal/Others,"Construction of Road Near Devrukhakarwadi to Aaditya Industrial  Estate, Malad (W)",2024-10-08,2000000.0,2025-08-06,2000000.0,Vendor Identification,,,1998481.0,1.0,1.0,1,0,1,302.0,,0.0,0.9992405,1.0,-1519.0,,,1.0,2025-2026,2024,10,79.53848400759456,1,0,ISOLATION_FOREST_ONLY,ISOLATION_FOREST,MEDIUM,1,1,0.0,['No major rule-based risk indicators were detected.'],20,MEDIUM,['Project expenditure is among the highest 1%'],18,MEDIUM,['Project expenditure is among the highest 1%'],1,1,1,79.53848400759456,0.0,32.25806451612903,27.692307692307693,0,1,1,3,4,39.82854384434544,12,51.83,HIGH,HIGH,Multi-Engine Consensus,"[""['No major rule-based risk indicators were detected.']"", ""['Project expenditure is among the highest 1%']""]",2,"ML Anomaly, Financial, Statistical",68.73,P2 - HIGH PRIORITY,146,HIGH,51.83,68.73,P2 - HIGH PRIORITY,3,"ML Anomaly, Financial, Statistical",Final AI risk score: 51.83 | Final AI risk level: HIGH | 3 independent risk engines detected significant risk signals. | Recorded expenditure ratio: 0.9992405 | Payment count: 1.0 | Unique vendors: 1.0
WS/MP18308/2025-2026/145430,Maharashtra,MUMBAI SUBURBAN(DISTRICT COLLECTOR MUMBAI SUBURBAN_IDA),RAVINDRA DATTARAM WAIKAR,MUMBAI NORTH WEST,Normal/Others,"Construction of Samaj Mandir, at Shri Sai Chawl  committee , Tanaji Nagar, Kurar Village, Malad (E)",2024-10-08,2000000.0,2026-03-25,2000000.0,Work partially Completed,,,1998481.0,1.0,1.0,1,0,1,533.0,,0.0,0.9992405,1.0,-1519.0,,,1.0,2025-2026,2024,10,79.53848400759456,1,0,ISOLATION_FOREST_ONLY,ISOLATION_FOREST,MEDIUM,1,1,0.0,['No major rule-based risk indicators were detected.'],20,MEDIUM,['Project expenditure is among the highest 1%'],18,MEDIUM,['Project expenditure is among the highest 1%'],1,1,1,79.53848400759456,0.0,32.25806451612903,27.692307692307693,0,1,1,3,4,39.82854384434544,12,51.83,HIGH,HIGH,Multi-Engine Consensus,"[""['No major rule-based risk indicators were detected.']"", ""['Project expenditure is among the highest 1%']""]",2,"ML Anomaly, Financial, Statistical",68.73,P2 - HIGH PRIORITY,147,HIGH,51.83,68.73,P2 - HIGH PRIORITY,3,"ML Anomaly, Financial, Statistical",Final AI risk score: 51.83 | Final AI risk level: HIGH | 3 independent risk engines detected significant risk signals. | Recorded expenditure ratio: 0.9992405 | Payment count: 1.0 | Unique vendors: 1.0
WS/MP18307/2025-2026/146575,Maharashtra,MUMBAI SUBURBAN(DISTRICT COLLECTOR MUMBAI SUBURBAN_IDA),Piyush Vedprakash Goyal,MUMBAI NORTH,Normal/Others,Ward 27  - Construction of of Sewerage and CC Passage at Nirmal Chawl Kandivali (East),2024-10-09,2000000.0,2026-01-30,2000000.0,Work partially Completed,,,1998482.0,1.0,1.0,1,0,1,478.0,,0.0,0.999241,1.0,-1518.0,,,1.0,2025-2026,2024,10,79.55162845041623,1,0,ISOLATION_FOREST_ONLY,ISOLATION_FOREST,MEDIUM,1,1,0.0,['No major rule-based risk indicators were detected.'],20,MEDIUM,['Project expenditure is among the highest 1%'],18,MEDIUM,['Project expenditure is among the highest 1%'],1,1,1,79.55162845041623,0.0,32.25806451612903,27.692307692307693,0,1,1,3,4,39.83314439933302,12,51.83,HIGH,HIGH,Multi-Engine Consensus,"[""['No major rule-based risk indicators were detected.']"", ""['Project expenditure is among the highest 1%']""]",2,"ML Anomaly, Financial, Statistical",68.73,P2 - HIGH PRIORITY,148,HIGH,51.83,68.73,P2 - HIGH PRIORITY,3,"ML Anomaly, Financial, Statistical",Final AI risk score: 51.83 | Final AI risk level: HIGH | 3 independent risk engines detected significant risk signals. | Recorded expenditure ratio: 0.999241 | Payment count: 1.0 | Unique vendors: 1.0
WS/MP18396/2025-2026/153050,Delhi,South East(COMMISSIONER MCD SOUTH EAST_IDA),Harsh Malhotra,EAST DELHI,Normal/Others,Provision of lighting poles (with fittings) in various blocks of New Friends Colony in ward no. 187 (Sarita Vihar) Under Central Zone.,2024-11-18,1997268.0,,,,,,1997268.0,1.0,1.0,0,0,1,,,,,,,,,1.0,2025-2026,2024,11,78.82284212063678,1,0,ISOLATION_FOREST_ONLY,ISOLATION_FOREST,MEDIUM,1,1,0.0,['No major rule-based risk indicators were detected.'],20,MEDIUM,['Project expenditure is among the highest 1%'],18,MEDIUM,['Project expenditure is among the highest 1%'],1,1,1,78.82284212063678,0.0,32.25806451612903,27.692307692307693,0,1,1,3,4,39.578069183910216,12,51.58,HIGH,HIGH,Multi-Engine Consensus,"[""['No major rule-based risk indicators were detected.']"", ""['Project expenditure is among the highest 1%']""]",2,"ML Anomaly, Financial, Statistical",68.63,P2 - HIGH PRIORITY,149,HIGH,51.58,68.63,P2 - HIGH PRIORITY,3,"ML Anomaly, Financial, Statistical",Final AI risk score: 51.58 | Final AI risk level: HIGH | 3 independent risk engines detected significant risk signals. | Payment count: 1.0 | Unique vendors: 1.0
WS/MP013/2024-2025/141727,Sikkim,Mangan(DISTRICT COLLECTOR MANGAN_IDA),Indra Hang Subba,SIKKIM,Normal/Others,Protective wall at Navey-Shotak,2024-09-19,2931657.0,2024-12-04,2931657.0,Physical Inspection,,,1994920.0,1.0,1.0,1,0,1,76.0,,0.0,0.6804752397705461,1.0,-936737.0,,,1.0,2024-2025,2024,9,78.68847670512633,1,0,ISOLATION_FOREST_ONLY,ISOLATION_FOREST,MEDIUM,1,1,0.0,['No major rule-based risk indicators were detected.'],20,MEDIUM,['Project expenditure is among the highest 1%'],18,MEDIUM,['Project expenditure is among the highest 1%'],1,1,1,78.68847670512633,0.0,32.25806451612903,27.692307692307693,0,1,1,3,4,39.53104128848156,12,51.53,HIGH,HIGH,Multi-Engine Consensus,"[""['No major rule-based risk indicators were detected.']"", ""['Project expenditure is among the highest 1%']""]",2,"ML Anomaly, Financial, Statistical",68.61,P2 - HIGH PRIORITY,150,HIGH,51.53,68.61,P2 - HIGH PRIORITY,3,"ML Anomaly, Financial, Statistical",Final AI risk score: 51.53 | Final AI risk level: HIGH | 3 independent risk engines detected significant risk signals. | Recorded expenditure ratio: 0.6804752397705461 | Payment count: 1.0 | Unique vendors: 1.0
WS/MP18277/2024-2025/154138,West Bengal,PURBA BARDHAMAN(DISTRICT MAGISTRATE PURBA BARDHAMAN_IDA),AZAD KIRTI JHA,BARDHAMAN-DURGAPUR,Normal/Others,Installation Of Electric Street Light from Charak Tala More to Hatgobindapur Bazar,2024-11-22,2000000.0,,,,,,1994463.0,1.0,1.0,0,0,1,,,,,,,,,1.0,2024-2025,2024,11,78.68555571783263,1,0,ISOLATION_FOREST_ONLY,ISOLATION_FOREST,MEDIUM,1,1,0.0,['No major rule-based risk indicators were detected.'],20,MEDIUM,['Project expenditure is among the highest 1%'],18,MEDIUM,['Project expenditure is among the highest 1%'],1,1,1,78.68555571783263,0.0,32.25806451612903,27.692307692307693,0,1,1,3,4,39.53001894292876,12,51.53,HIGH,HIGH,Multi-Engine Consensus,"[""['No major rule-based risk indicators were detected.']"", ""['Project expenditure is among the highest 1%']""]",2,"ML Anomaly, Financial, Statistical",68.61,P2 - HIGH PRIORITY,151,HIGH,51.53,68.61,P2 - HIGH PRIORITY,3,"ML Anomaly, Financial, Statistical",Final AI risk score: 51.53 | Final AI risk level: HIGH | 3 independent risk engines detected significant risk signals. | Payment count: 1.0 | Unique vendors: 1.0
WS/MP18323/2026-2027/144120,Maharashtra,LATUR(DISTRICT COLLECTOR LATUR_IDA),DR KALGE SHIVAJI BANDAPPA,LATUR(SC),Normal/Others,"Construction of  Community centre /Hall in Municipal Corporation / Govt owned open space in front of Rudra Hanuman temple at ward No.02, Rudreshwar Nagar ( E), Latur Municipal Corporation",2024-09-27,1991059.0,2026-05-22,1991059.0,Physical Inspection,,,1991059.0,1.0,1.0,1,0,1,602.0,,0.0,1.0,1.0,0.0,,,1.0,2026-2027,2024,9,78.64758288301445,1,0,ISOLATION_FOREST_ONLY,ISOLATION_FOREST,MEDIUM,1,1,0.0,['No major rule-based risk indicators were detected.'],20,MEDIUM,['Project expenditure is among the highest 1%'],18,MEDIUM,['Project expenditure is among the highest 1%'],1,1,1,78.64758288301445,0.0,32.25806451612903,27.692307692307693,0,1,1,3,4,39.516728450742406,12,51.52,HIGH,HIGH,Multi-Engine Consensus,"[""['No major rule-based risk indicators were detected.']"", ""['Project expenditure is among the highest 1%']""]",2,"ML Anomaly, Financial, Statistical",68.61,P2 - HIGH PRIORITY,152,HIGH,51.52,68.61,P2 - HIGH PRIORITY,3,"ML Anomaly, Financial, Statistical",Final AI risk score: 51.52 | Final AI risk level: HIGH | 3 independent risk engines detected significant risk signals. | Recorded expenditure ratio: 1.0 | Payment count: 1.0 | Unique vendors: 1.0
WS/MP18389/2024-2025/156764,Telangana,HANUMAKONDA(DISTRICT COLLECTOR HANUMAKONDA_IDA),KADIYAM KAVYA,WARANGEL(SC),Normal/Others,"Construction of Mahila Community Hall at Peddapur (V), Atmakur (M), Hanumakonda District",2024-12-04,2000000.0,,,,,,1982552.0,1.0,1.0,0,0,1,,,,,,,,,1.0,2024-2025,2024,12,78.65050387030817,1,0,ISOLATION_FOREST_ONLY,ISOLATION_FOREST,MEDIUM,1,1,0.0,['No major rule-based risk indicators were detected.'],20,MEDIUM,['Project expenditure is among the highest 1%'],18,MEDIUM,['Project expenditure is among the highest 1%'],1,1,1,78.65050387030817,0.0,32.25806451612903,27.692307692307693,0,1,1,3,4,39.5177507962952,12,51.52,HIGH,HIGH,Multi-Engine Consensus,"[""['No major rule-based risk indicators were detected.']"", ""['Project expenditure is among the highest 1%']""]",2,"ML Anomaly, Financial, Statistical",68.61,P2 - HIGH PRIORITY,153,HIGH,51.52,68.61,P2 - HIGH PRIORITY,3,"ML Anomaly, Financial, Statistical",Final AI risk score: 51.52 | Final AI risk level: HIGH | 3 independent risk engines detected significant risk signals. | Payment count: 1.0 | Unique vendors: 1.0
WS/MP18311/2024-2025/143656,Punjab,RUPNAGAR(DEPUTY COMMISSIONER ROOPNAGAR_IDA),MALVINDER SINGH KANG,ANANDPUR SAHIB,Normal/Others,Construction of community center at village Nurpur Kalan,2024-10-28,700000.0,2024-11-21,700000.0,Work partially Completed,,,700000.0,13.0,4.0,1,0,1,24.0,,0.0,1.0,1.0,0.0,,,3.25,2024-2025,2024,10,67.56681758434351,1,0,ISOLATION_FOREST_ONLY,ISOLATION_FOREST,MEDIUM,1,1,0.0,['No major rule-based risk indicators were detected.'],20,MEDIUM,"['Extremely high number of payment transactions', 'High payment concentration among vendors']",30,MEDIUM,"['Extremely high number of payment transactions', 'Extremely high payment concentration per vendor']",1,1,1,67.56681758434351,0.0,32.25806451612903,46.15384615384615,0,1,1,3,4,39.33076828851527,12,51.33,HIGH,HIGH,Multi-Engine Consensus,"[""['No major rule-based risk indicators were detected.']"", ""['Extremely high number of payment transactions', 'High payment concentration among vendors']"", ""['Extremely high number of payment transactions', 'Extremely high payment concentration per vendor']""]",3,"ML Anomaly, Financial, Statistical",68.53,P2 - HIGH PRIORITY,154,HIGH,51.33,68.53,P2 - HIGH PRIORITY,3,"ML Anomaly, Financial, Statistical",Final AI risk score: 51.33 | Final AI risk level: HIGH | 3 independent risk engines detected significant risk signals. | Recorded expenditure ratio: 1.0 | Payment count: 13.0 | Unique vendors: 4.0
WS/MP18109/2024-2025/146899,Madhya Pradesh,SIDHI(DISTRICT COLLECTOR SIDHI_IDA),DR. RAJESH MISHRA,SIDHI,Normal/Others,WARD 13 GANGA RAM CHAUBEY KE GHAR TAK ROAD NIRMAN,2024-10-11,500000.0,2025-01-28,500000.0,Vendor Identification,,,499975.0,9.0,1.0,1,0,1,109.0,,0.0,0.99995,1.0,-25.0,,,9.0,2024-2025,2024,10,65.54841536439316,1,0,ISOLATION_FOREST_ONLY,ISOLATION_FOREST,MEDIUM,1,1,0.0,['No major rule-based risk indicators were detected.'],21,MEDIUM,"['Unusually high number of payment transactions', 'Extremely high payment concentration among vendors']",30,MEDIUM,"['Extremely high number of payment transactions', 'Extremely high payment concentration per vendor']",1,1,1,65.54841536439316,0.0,33.87096774193548,46.15384615384615,0,1,1,3,4,38.94690815669394,12,50.95,HIGH,HIGH,Multi-Engine Consensus,"[""['No major rule-based risk indicators were detected.']"", ""['Unusually high number of payment transactions', 'Extremely high payment concentration among vendors']"", ""['Extremely high number of payment transactions', 'Extremely high payment concentration per vendor']""]",3,"ML Anomaly, Financial, Statistical",68.38,P2 - HIGH PRIORITY,155,HIGH,50.95,68.38,P2 - HIGH PRIORITY,3,"ML Anomaly, Financial, Statistical",Final AI risk score: 50.95 | Final AI risk level: HIGH | 3 independent risk engines detected significant risk signals. | Recorded expenditure ratio: 0.99995 | Payment count: 9.0 | Unique vendors: 1.0
WS/MP18109/2024-2025/146900,Madhya Pradesh,SIDHI(DISTRICT COLLECTOR SIDHI_IDA),DR. RAJESH MISHRA,SIDHI,Normal/Others,MATA ME KASEETA NALA ME BRIDGE NIRMAN,2024-10-11,500000.0,2025-01-28,500000.0,Vendor Identification,,,499940.0,9.0,1.0,1,0,1,109.0,,0.0,0.99988,1.0,-60.0,,,9.0,2024-2025,2024,10,65.54841536439316,1,0,ISOLATION_FOREST_ONLY,ISOLATION_FOREST,MEDIUM,1,1,0.0,['No major rule-based risk indicators were detected.'],21,MEDIUM,"['Unusually high number of payment transactions', 'Extremely high payment concentration among vendors']",30,MEDIUM,"['Extremely high number of payment transactions', 'Extremely high payment concentration per vendor']",1,1,1,65.54841536439316,0.0,33.87096774193548,46.15384615384615,0,1,1,3,4,38.94690815669394,12,50.95,HIGH,HIGH,Multi-Engine Consensus,"[""['No major rule-based risk indicators were detected.']"", ""['Unusually high number of payment transactions', 'Extremely high payment concentration among vendors']"", ""['Extremely high number of payment transactions', 'Extremely high payment concentration per vendor']""]",3,"ML Anomaly, Financial, Statistical",68.38,P2 - HIGH PRIORITY,156,HIGH,50.95,68.38,P2 - HIGH PRIORITY,3,"ML Anomaly, Financial, Statistical",Final AI risk score: 50.95 | Final AI risk level: HIGH | 3 independent risk engines detected significant risk signals. | Recorded expenditure ratio: 0.99988 | Payment count: 9.0 | Unique vendors: 1.0
WS/MP18109/2024-2025/146906,Madhya Pradesh,SIDHI(DISTRICT COLLECTOR SIDHI_IDA),DR. RAJESH MISHRA,SIDHI,Normal/Others,BAKBA ME HARIJAN BASTI ME PULL NIRMAN,2024-10-11,500000.0,2025-01-28,500000.0,Vendor Identification,,,499910.0,6.0,1.0,1,0,1,109.0,,0.0,0.99982,1.0,-90.0,,,6.0,2024-2025,2024,10,63.61910325690084,1,0,ISOLATION_FOREST_ONLY,ISOLATION_FOREST,MEDIUM,1,1,0.0,['No major rule-based risk indicators were detected.'],21,MEDIUM,"['Unusually high number of payment transactions', 'Extremely high payment concentration among vendors']",30,MEDIUM,"['Extremely high number of payment transactions', 'Extremely high payment concentration per vendor']",1,1,1,63.61910325690084,0.0,33.87096774193548,46.15384615384615,0,1,1,3,4,38.27164891907162,12,50.27,HIGH,HIGH,Multi-Engine Consensus,"[""['No major rule-based risk indicators were detected.']"", ""['Unusually high number of payment transactions', 'Extremely high payment concentration among vendors']"", ""['Extremely high number of payment transactions', 'Extremely high payment concentration per vendor']""]",3,"ML Anomaly, Financial, Statistical",68.11,P2 - HIGH PRIORITY,157,HIGH,50.27,68.11,P2 - HIGH PRIORITY,3,"ML Anomaly, Financial, Statistical",Final AI risk score: 50.27 | Final AI risk level: HIGH | 3 independent risk engines detected significant risk signals. | Recorded expenditure ratio: 0.99982 | Payment count: 6.0 | Unique vendors: 1.0
WS/MP18161/2024-2025/138108,Rajasthan,BHARATPUR(DISTRICT COLLECTOR BHARATPUR_IDA),SANJNA JATAV,BHARATPUR(SC),Normal/Others,CC  interlocking kharanja Nirman karya achnera road se RamKishor Baghel ke Makan ki or Baghel mohalla work agency GP Bachhanmadi,2024-09-01,400000.0,2024-12-12,400000.0,Physical Inspection,,,52128.0,12.0,11.0,1,0,1,102.0,,0.0,0.13032,1.0,-347872.0,,,1.0909090909090908,2024-2025,2024,9,77.18416824886812,1,0,ISOLATION_FOREST_ONLY,ISOLATION_FOREST,MEDIUM,1,1,40.0,"['Both anomaly detection models identified this project as unusual.', 'Moderately unusual anomaly pattern detected.']",12,LOW,['Extremely high number of payment transactions'],15,MEDIUM,['Extremely high number of payment transactions'],1,1,1,77.18416824886812,100.0,19.35483870967742,23.07692307692308,1,0,0,2,4,60.50081124442394,5,65.5,HIGH,MEDIUM,Multi-Engine Consensus,"[""['Both anomaly detection models identified this project as unusual.', 'Moderately unusual anomaly pattern detected.']"", ""['Extremely high number of payment transactions']""]",2,"ML Anomaly, Rule-Based",66.2,P3 - STANDARD REVIEW,158,HIGH,65.5,66.2,P3 - STANDARD REVIEW,2,"ML Anomaly, Rule-Based",Final AI risk score: 65.5 | Final AI risk level: HIGH | 2 independent risk engines detected significant risk signals. | Recorded expenditure ratio: 0.13032 | Payment count: 12.0 | Unique vendors: 11.0
WS/MP18313/2024-2025/141606,Rajasthan,DUNGARPUR(DISTRICT COLLECTOR DUNGARPUR_IDA),RAJ KUMAR ROAT,BANSWARA(ST),Normal/Others,goan bokhla paal mein varhaat khel maidaan mein stadium nirman kary,2024-09-18,1200000.0,2024-12-13,1200000.0,Work partially Completed,,,1028911.0,3.0,1.0,1,0,1,86.0,,0.0,0.8574258333333333,1.0,-171089.0,,,3.0,2024-2025,2024,9,100.0,1,1,BOTH_MODELS,ISOLATION_FOREST + LOF,CRITICAL,1,1,0.0,['No major rule-based risk indicators were detected.'],10,LOW,['Project expenditure is unusually high'],50,HIGH,"['Project expenditure is statistically high', 'Extremely high number of payment transactions', 'Extremely high payment concentration per vendor', 'Multiple independent statistical anomalies detected']",1,1,1,100.0,0.0,16.129032258064516,76.92307692307693,0,0,1,2,4,53.61042183622829,5,58.61,HIGH,MEDIUM,Multi-Engine Consensus,"[""['No major rule-based risk indicators were detected.']"", ""['Project expenditure is unusually high']"", ""['Project expenditure is statistically high', 'Extremely high number of payment transactions', 'Extremely high payment concentration per vendor', 'Multiple independent statistical anomalies detected']""]",3,"ML Anomaly, Statistical",63.44,P3 - STANDARD REVIEW,159,HIGH,58.61,63.44,P3 - STANDARD REVIEW,2,"ML Anomaly, Statistical",Final AI risk score: 58.61 | Final AI risk level: HIGH | 2 independent risk engines detected significant risk signals. | Recorded expenditure ratio: 0.8574258333333333 | Payment count: 3.0 | Unique vendors: 1.0
WS/MP18209/2025-2026/144764,Uttar Pradesh,MUZAFFARNAGAR(DISTRICT MAGISTRATE MUZAFFARNAGAR_IDA),CHANDAN CHAUHAN,BIJNOR,Normal/Others,"CC road and drain construction work of the road from Rojan Pardhan’s house to Sunil’s house in Village Sohanjani, block- Jansath.",2024-12-17,1069300.0,2025-08-02,1069300.0,Work partially Completed,,,1025431.0,4.0,2.0,1,0,1,228.0,,0.0,0.9589740952024688,1.0,-43869.0,,,2.0,2025-2026,2024,12,100.0,1,1,BOTH_MODELS,ISOLATION_FOREST + LOF,CRITICAL,1,1,0.0,['No major rule-based risk indicators were detected.'],10,LOW,['Project expenditure is unusually high'],50,HIGH,"['Project expenditure is statistically high', 'Extremely high number of payment transactions', 'Extremely high payment concentration per vendor', 'Multiple independent statistical anomalies detected']",1,1,1,100.0,0.0,16.129032258064516,76.92307692307693,0,0,1,2,4,53.61042183622829,5,58.61,HIGH,MEDIUM,Multi-Engine Consensus,"[""['No major rule-based risk indicators were detected.']"", ""['Project expenditure is unusually high']"", ""['Project expenditure is statistically high', 'Extremely high number of payment transactions', 'Extremely high payment concentration per vendor', 'Multiple independent statistical anomalies detected']""]",3,"ML Anomaly, Statistical",63.44,P3 - STANDARD REVIEW,160,HIGH,58.61,63.44,P3 - STANDARD REVIEW,2,"ML Anomaly, Statistical",Final AI risk score: 58.61 | Final AI risk level: HIGH | 2 independent risk engines detected significant risk signals. | Recorded expenditure ratio: 0.9589740952024688 | Payment count: 4.0 | Unique vendors: 2.0
WS/MP18254/2025-2026/156811,West Bengal,Paschim Medinipur(DISTRICT MAGISTRATE PASCHIM MEDINIPUR_IDA),JUNE MALIAH,MEDINIPUR,Normal/Others,Construction of Class Rooms of Kotpada Pry. School,2024-12-03,991565.0,,,,,,991565.0,3.0,1.0,0,0,1,,,,,,,,,3.0,2025-2026,2024,12,94.53775376077114,1,0,ISOLATION_FOREST_ONLY,ISOLATION_FOREST,MEDIUM,1,1,0.0,['No major rule-based risk indicators were detected.'],10,LOW,['Project expenditure is unusually high'],50,HIGH,"['Project expenditure is statistically high', 'Extremely high number of payment transactions', 'Extremely high payment concentration per vendor', 'Multiple independent statistical anomalies detected']",1,1,1,94.53775376077114,0.0,16.129032258064516,76.92307692307693,0,0,1,2,4,51.69863565249819,5,56.7,HIGH,MEDIUM,Multi-Engine Consensus,"[""['No major rule-based risk indicators were detected.']"", ""['Project expenditure is unusually high']"", ""['Project expenditure is statistically high', 'Extremely high number of payment transactions', 'Extremely high payment concentration per vendor', 'Multiple independent statistical anomalies detected']""]",3,"ML Anomaly, Statistical",62.68,P3 - STANDARD REVIEW,161,HIGH,56.7,62.68,P3 - STANDARD REVIEW,2,"ML Anomaly, Statistical",Final AI risk score: 56.7 | Final AI risk level: HIGH | 2 independent risk engines detected significant risk signals. | Payment count: 3.0 | Unique vendors: 1.0
WS/MP18313/2024-2025/145993,Rajasthan,DUNGARPUR(DISTRICT COLLECTOR DUNGARPUR_IDA),RAJ KUMAR ROAT,BANSWARA(ST),Normal/Others,GSSS Gariyata mein tin shed nirman kary,2024-10-07,991053.0,2024-12-13,991053.0,Physical Inspection,2026-08-10,991053.0,991053.0,3.0,1.0,1,1,1,67.0,605.0,0.0,1.0,1.0,0.0,1.0,0.0,3.0,2024-2025,2024,10,94.48517598948445,1,0,ISOLATION_FOREST_ONLY,ISOLATION_FOREST,MEDIUM,1,1,0.0,['No major rule-based risk indicators were detected.'],10,LOW,['Project expenditure is unusually high'],50,HIGH,"['Project expenditure is statistically high', 'Extremely high number of payment transactions', 'Extremely high payment concentration per vendor', 'Multiple independent statistical anomalies detected']",1,1,1,94.48517598948445,0.0,16.129032258064516,76.92307692307693,0,0,1,2,4,51.68023343254784,5,56.68,HIGH,MEDIUM,Multi-Engine Consensus,"[""['No major rule-based risk indicators were detected.']"", ""['Project expenditure is unusually high']"", ""['Project expenditure is statistically high', 'Extremely high number of payment transactions', 'Extremely high payment concentration per vendor', 'Multiple independent statistical anomalies detected']""]",3,"ML Anomaly, Statistical",62.67,P3 - STANDARD REVIEW,162,HIGH,56.68,62.67,P3 - STANDARD REVIEW,2,"ML Anomaly, Statistical",Final AI risk score: 56.68 | Final AI risk level: HIGH | 2 independent risk engines detected significant risk signals. | Recorded expenditure ratio: 1.0 | Payment count: 3.0 | Unique vendors: 1.0
WS/MP18161/2024-2025/138107,Rajasthan,BHARATPUR(DISTRICT COLLECTOR BHARATPUR_IDA),SANJNA JATAV,BHARATPUR(SC),Normal/Others,Cc interlocking eat kharanja Nirman karya main road se balveer ke nohare ki or theI work agency uNdra,2024-09-01,400000.0,2024-12-12,400000.0,Physical Inspection,,,399811.0,12.0,12.0,1,0,1,102.0,,0.0,0.9995275,1.0,-189.0,,,1.0,2024-2025,2024,9,66.46122389367606,1,0,ISOLATION_FOREST_ONLY,ISOLATION_FOREST,MEDIUM,1,1,30.0,['Both anomaly detection models identified this project as unusual.'],12,LOW,['Extremely high number of payment transactions'],15,MEDIUM,['Extremely high number of payment transactions'],1,1,1,66.46122389367606,75.0,19.35483870967742,23.07692307692308,1,0,0,2,4,50.49778072010672,5,55.5,HIGH,MEDIUM,Multi-Engine Consensus,"[""['Both anomaly detection models identified this project as unusual.']"", ""['Extremely high number of payment transactions']""]",2,"ML Anomaly, Rule-Based",62.2,P3 - STANDARD REVIEW,163,HIGH,55.5,62.2,P3 - STANDARD REVIEW,2,"ML Anomaly, Rule-Based",Final AI risk score: 55.5 | Final AI risk level: HIGH | 2 independent risk engines detected significant risk signals. | Recorded expenditure ratio: 0.9995275 | Payment count: 12.0 | Unique vendors: 12.0
WS/MP370/2024-2025/145561,Odisha,Sundaragada(DISTRICT COLLECTOR SUNDARGARH_IDA),Shri Jual Oram,SUNDARGARH (ST),Normal/Others,Completion of Padha Community Centre at Lanjiberna,2024-10-04,400000.0,2024-12-05,400000.0,Work Completed,,,398282.0,9.0,8.0,1,0,1,62.0,,0.0,0.995705,1.0,-1718.0,,,1.125,2024-2025,2024,10,64.62976486052285,1,0,ISOLATION_FOREST_ONLY,ISOLATION_FOREST,MEDIUM,1,1,30.0,['Both anomaly detection models identified this project as unusual.'],6,LOW,['Unusually high number of payment transactions'],15,MEDIUM,['Extremely high number of payment transactions'],1,1,1,64.62976486052285,75.0,9.67741935483871,23.07692307692308,1,0,0,2,4,47.92128618753536,5,52.92,HIGH,MEDIUM,Multi-Engine Consensus,"[""['Both anomaly detection models identified this project as unusual.']"", ""['Unusually high number of payment transactions']"", ""['Extremely high number of payment transactions']""]",3,"ML Anomaly, Rule-Based",61.17,P3 - STANDARD REVIEW,164,HIGH,52.92,61.17,P3 - STANDARD REVIEW,2,"ML Anomaly, Rule-Based",Final AI risk score: 52.92 | Final AI risk level: HIGH | 2 independent risk engines detected significant risk signals. | Recorded expenditure ratio: 0.995705 | Payment count: 9.0 | Unique vendors: 8.0
WS/MP18161/2024-2025/138069,Rajasthan,ALWAR(DISTRICT COLLECTOR ALWAR_IDA),SANJNA JATAV,BHARATPUR(SC),Normal/Others,Samudayik bhavan Bairwa mohalla mein chardiwari may gate Nirman karya gram Nagal Rupa work agency GP Nagal Rupa,2024-09-01,499545.0,2024-12-03,499545.0,Physical Inspection,2025-06-23,499545.0,136478.0,31.0,30.0,1,1,1,93.0,202.0,0.0,0.2732046162007426,1.0,-363067.0,1.0,0.0,1.0333333333333334,2024-2025,2024,9,91.28961589017088,1,0,ISOLATION_FOREST_ONLY,ISOLATION_FOREST,MEDIUM,1,1,10.0,['Moderately unusual anomaly pattern detected.'],12,LOW,['Extremely high number of payment transactions'],15,MEDIUM,['Extremely high number of payment transactions'],1,1,1,91.28961589017088,25.0,19.35483870967742,23.07692307692308,1,0,0,2,4,46.6877179188799,5,51.69,HIGH,MEDIUM,Multi-Engine Consensus,"[""['Moderately unusual anomaly pattern detected.']"", ""['Extremely high number of payment transactions']""]",2,"ML Anomaly, Rule-Based",60.68,P3 - STANDARD REVIEW,165,HIGH,51.69,60.68,P3 - STANDARD REVIEW,2,"ML Anomaly, Rule-Based",Final AI risk score: 51.69 | Final AI risk level: HIGH | 2 independent risk engines detected significant risk signals. | Recorded expenditure ratio: 0.2732046162007426 | Payment count: 31.0 | Unique vendors: 30.0
WS/MP640/2026-2027/151611,Madhya Pradesh,SEONI(District Collector Seoni_IDA),Faggan Singh Kulaste,MANDLA(ST),Normal/Others,Construction of G.S.V. Road gram evam gram panchayat binori,2024-11-09,1000000.0,,,,,,878612.0,4.0,1.0,0,0,1,,,,,,,,,4.0,2026-2027,2024,11,79.77946545932525,1,0,ISOLATION_FOREST_ONLY,ISOLATION_FOREST,MEDIUM,1,1,0.0,['No major rule-based risk indicators were detected.'],10,LOW,['Project expenditure is unusually high'],50,HIGH,"['Project expenditure is statistically high', 'Extremely high number of payment transactions', 'Extremely high payment concentration per vendor', 'Multiple independent statistical anomalies detected']",1,1,1,79.77946545932525,0.0,16.129032258064516,76.92307692307693,0,0,1,2,4,46.53323474699213,5,51.53,HIGH,MEDIUM,Multi-Engine Consensus,"[""['No major rule-based risk indicators were detected.']"", ""['Project expenditure is unusually high']"", ""['Project expenditure is statistically high', 'Extremely high number of payment transactions', 'Extremely high payment concentration per vendor', 'Multiple independent statistical anomalies detected']""]",3,"ML Anomaly, Statistical",60.61,P3 - STANDARD REVIEW,166,HIGH,51.53,60.61,P3 - STANDARD REVIEW,2,"ML Anomaly, Statistical",Final AI risk score: 51.53 | Final AI risk level: HIGH | 2 independent risk engines detected significant risk signals. | Payment count: 4.0 | Unique vendors: 1.0
WS/MP18152/2024-2025/158093,Punjab,MOGA(Deputy Commissioner Moga),SARABJEET SINGH KHALSA,FARIDKOT(SC),Normal/Others,Construction of Boundary wall and laying of interlock tiles in cremation ground.,2024-12-17,1200000.0,,,,,,376082.0,8.0,3.0,0,0,1,,,,,,,,,2.6666666666666665,2024-2025,2024,12,100.0,1,1,BOTH_MODELS,ISOLATION_FOREST + LOF,CRITICAL,1,1,0.0,['No major rule-based risk indicators were detected.'],6,LOW,['Unusually high number of payment transactions'],30,MEDIUM,"['Extremely high number of payment transactions', 'Extremely high payment concentration per vendor']",1,1,1,100.0,0.0,9.67741935483871,46.15384615384615,0,0,1,2,4,46.16625310173698,5,51.17,HIGH,MEDIUM,Multi-Engine Consensus,"[""['No major rule-based risk indicators were detected.']"", ""['Unusually high number of payment transactions']"", ""['Extremely high number of payment transactions', 'Extremely high payment concentration per vendor']""]",3,"ML Anomaly, Statistical",60.47,P3 - STANDARD REVIEW,167,HIGH,51.17,60.47,P3 - STANDARD REVIEW,2,"ML Anomaly, Statistical",Final AI risk score: 51.17 | Final AI risk level: HIGH | 2 independent risk engines detected significant risk signals. | Payment count: 8.0 | Unique vendors: 3.0
WS/MP640/2025-2026/158763,Madhya Pradesh,SEONI(District Collector Seoni_IDA),Faggan Singh Kulaste,MANDLA(ST),Normal/Others,Gram khairranji me sunder marar ke khet ke pas puliya nirman.,2024-12-14,500000.0,,,,,,499680.0,7.0,2.0,0,0,1,,,,,,,,,3.5,2025-2026,2024,12,92.15714911640134,1,0,ISOLATION_FOREST_ONLY,ISOLATION_FOREST,MEDIUM,1,1,0.0,['No major rule-based risk indicators were detected.'],14,LOW,"['Unusually high number of payment transactions', 'High payment concentration among vendors']",30,MEDIUM,"['Extremely high number of payment transactions', 'Extremely high payment concentration per vendor']",1,1,1,92.15714911640134,0.0,22.58064516129032,46.15384615384615,0,0,1,2,4,46.00190045376777,5,51.0,HIGH,MEDIUM,Multi-Engine Consensus,"[""['No major rule-based risk indicators were detected.']"", ""['Unusually high number of payment transactions', 'High payment concentration among vendors']"", ""['Extremely high number of payment transactions', 'Extremely high payment concentration per vendor']""]",3,"ML Anomaly, Statistical",60.4,P3 - STANDARD REVIEW,168,HIGH,51.0,60.4,P3 - STANDARD REVIEW,2,"ML Anomaly, Statistical",Final AI risk score: 51.0 | Final AI risk level: HIGH | 2 independent risk engines detected significant risk signals. | Payment count: 7.0 | Unique vendors: 2.0
WS/MP794/2024-2025/153212,Uttar Pradesh,GONDA(DISTRICT MAGISTRATE GONDA_IDA),Kirti Vardhan Singh,GONDA,Normal/Others,No.20 Interlocking work in 215 meter length from paved road to Vijay Shankar's house in Gram Panchayat Kanchanpur.,2024-11-19,1082097.0,,,,,,1082097.0,2.0,1.0,0,0,1,,,,,,,,,2.0,2024-2025,2024,11,100.0,1,1,BOTH_MODELS,ISOLATION_FOREST + LOF,CRITICAL,1,1,0.0,['No major rule-based risk indicators were detected.'],10,LOW,['Project expenditure is unusually high'],25,MEDIUM,"['Project expenditure is statistically high', 'Extremely high payment concentration per vendor']",1,1,1,100.0,0.0,16.129032258064516,38.46153846153847,0,0,1,2,4,45.9181141439206,5,50.92,HIGH,MEDIUM,Multi-Engine Consensus,"[""['No major rule-based risk indicators were detected.']"", ""['Project expenditure is unusually high']"", ""['Project expenditure is statistically high', 'Extremely high payment concentration per vendor']""]",3,"ML Anomaly, Statistical",60.37,P3 - STANDARD REVIEW,169,HIGH,50.92,60.37,P3 - STANDARD REVIEW,2,"ML Anomaly, Statistical",Final AI risk score: 50.92 | Final AI risk level: HIGH | 2 independent risk engines detected significant risk signals. | Payment count: 2.0 | Unique vendors: 1.0
WS/MP743/2025-2026/142801,Tamil Nadu,CHENGALPATTU(District Collector Chengalpattu_IDA),Ganesan Selvam,KANCHEEPURAM(SC),Normal/Others,"Construction of PDS Building at Nedunkuram Panchayat, Kattankolathur Panchayat Union.",2024-09-23,1010704.0,2025-11-27,1010704.0,Physical Inspection,,,1010704.0,2.0,1.0,1,0,1,430.0,,0.0,1.0,1.0,0.0,,,2.0,2025-2026,2024,9,99.49174821089528,1,0,LOF_ONLY,LOF,HIGH,1,1,0.0,['No major rule-based risk indicators were detected.'],10,LOW,['Project expenditure is unusually high'],25,MEDIUM,"['Project expenditure is statistically high', 'Extremely high payment concentration per vendor']",1,1,1,99.49174821089528,0.0,16.129032258064516,38.46153846153847,0,0,1,2,4,45.740226017733946,5,50.74,HIGH,MEDIUM,Multi-Engine Consensus,"[""['No major rule-based risk indicators were detected.']"", ""['Project expenditure is unusually high']"", ""['Project expenditure is statistically high', 'Extremely high payment concentration per vendor']""]",3,"ML Anomaly, Statistical",60.3,P3 - STANDARD REVIEW,170,HIGH,50.74,60.3,P3 - STANDARD REVIEW,2,"ML Anomaly, Statistical",Final AI risk score: 50.74 | Final AI risk level: HIGH | 2 independent risk engines detected significant risk signals. | Recorded expenditure ratio: 1.0 | Payment count: 2.0 | Unique vendors: 1.0
WS/MP794/2024-2025/153211,Uttar Pradesh,GONDA(DISTRICT MAGISTRATE GONDA_IDA),Kirti Vardhan Singh,GONDA,Normal/Others,No.19 Interlocking work in 200 meter length from Suryalal Nau's house in Gram Panchayat Karuapara to Panchayat Bhawan via the houses of Rajkumar Tiwari and Captain Tiwari.,2024-11-19,1006971.0,,,,,,1006971.0,2.0,1.0,0,0,1,,,,,,,,,2.0,2024-2025,2024,11,99.3924346429093,1,0,LOF_ONLY,LOF,HIGH,1,1,0.0,['No major rule-based risk indicators were detected.'],10,LOW,['Project expenditure is unusually high'],25,MEDIUM,"['Project expenditure is statistically high', 'Extremely high payment concentration per vendor']",1,1,1,99.3924346429093,0.0,16.129032258064516,38.46153846153847,0,0,1,2,4,45.70546626893885,5,50.71,HIGH,MEDIUM,Multi-Engine Consensus,"[""['No major rule-based risk indicators were detected.']"", ""['Project expenditure is unusually high']"", ""['Project expenditure is statistically high', 'Extremely high payment concentration per vendor']""]",3,"ML Anomaly, Statistical",60.28,P3 - STANDARD REVIEW,171,HIGH,50.71,60.28,P3 - STANDARD REVIEW,2,"ML Anomaly, Statistical",Final AI risk score: 50.71 | Final AI risk level: HIGH | 2 independent risk engines detected significant risk signals. | Payment count: 2.0 | Unique vendors: 1.0
WS/MP18172/2025-2026/144452,Rajasthan,PRATAPGARH(DISTRICT COLLECTOR PRATAPGARH_IDA),MANNA LAL RAWAT,UDAIPUR(ST),Normal/Others,construction of teen shed in GSSS keshriyawad,2024-09-29,500000.0,2025-07-18,500000.0,Physical Inspection,,,489272.0,20.0,11.0,1,0,1,292.0,,0.0,0.978544,1.0,-10728.0,,,1.818181818181818,2025-2026,2024,9,87.84869285818606,1,0,ISOLATION_FOREST_ONLY,ISOLATION_FOREST,MEDIUM,1,1,10.0,['Moderately unusual anomaly pattern detected.'],12,LOW,['Extremely high number of payment transactions'],15,MEDIUM,['Extremely high number of payment transactions'],1,1,1,87.84869285818606,25.0,19.35483870967742,23.07692307692308,1,0,0,2,4,45.48339485768521,5,50.48,HIGH,MEDIUM,Multi-Engine Consensus,"[""['Moderately unusual anomaly pattern detected.']"", ""['Extremely high number of payment transactions']""]",2,"ML Anomaly, Rule-Based",60.19,P3 - STANDARD REVIEW,172,HIGH,50.48,60.19,P3 - STANDARD REVIEW,2,"ML Anomaly, Rule-Based",Final AI risk score: 50.48 | Final AI risk level: HIGH | 2 independent risk engines detected significant risk signals. | Recorded expenditure ratio: 0.978544 | Payment count: 20.0 | Unique vendors: 11.0
WS/MP18311/2024-2025/153634,Punjab,RUPNAGAR(DEPUTY COMMISSIONER ROOPNAGAR_IDA),MALVINDER SINGH KANG,ANANDPUR SAHIB,Normal/Others,Construction of community center at village Sanana,2024-12-10,700000.0,,,,,,213717.0,5.0,2.0,0,0,1,,,,,,,,,2.5,2024-2025,2024,12,97.60771140645538,1,0,ISOLATION_FOREST_ONLY,ISOLATION_FOREST,HIGH,1,1,0.0,['No major rule-based risk indicators were detected.'],6,LOW,['Unusually high number of payment transactions'],30,MEDIUM,"['Extremely high number of payment transactions', 'Extremely high payment concentration per vendor']",1,1,1,97.60771140645538,0.0,9.67741935483871,46.15384615384615,0,0,1,2,4,45.32895209399636,5,50.33,HIGH,MEDIUM,Multi-Engine Consensus,"[""['No major rule-based risk indicators were detected.']"", ""['Unusually high number of payment transactions']"", ""['Extremely high number of payment transactions', 'Extremely high payment concentration per vendor']""]",3,"ML Anomaly, Statistical",60.13,P3 - STANDARD REVIEW,173,HIGH,50.33,60.13,P3 - STANDARD REVIEW,2,"ML Anomaly, Statistical",Final AI risk score: 50.33 | Final AI risk level: HIGH | 2 independent risk engines detected significant risk signals. | Payment count: 5.0 | Unique vendors: 2.0
WS/MP18313/2024-2025/146002,Rajasthan,DUNGARPUR(DISTRICT COLLECTOR DUNGARPUR_IDA),RAJ KUMAR ROAT,BANSWARA(ST),Normal/Others,GSSS Ootiya mein dom nirman kary,2024-10-07,978862.0,2024-12-17,978862.0,Physical Inspection,2026-08-27,978862.0,978862.0,2.0,1.0,1,1,1,71.0,618.0,0.0,1.0,1.0,0.0,1.0,0.0,2.0,2024-2025,2024,10,97.77712866949028,1,0,NO_MODEL_ANOMALY,ISOLATION_FOREST_RANK,LOW,1,1,0.0,['No major rule-based risk indicators were detected.'],10,LOW,['Project expenditure is unusually high'],25,MEDIUM,"['Project expenditure is statistically high', 'Extremely high payment concentration per vendor']",1,1,1,97.77712866949028,0.0,16.129032258064516,38.46153846153847,0,0,1,2,4,45.14010917824219,5,50.14,HIGH,MEDIUM,Multi-Engine Consensus,"[""['No major rule-based risk indicators were detected.']"", ""['Project expenditure is unusually high']"", ""['Project expenditure is statistically high', 'Extremely high payment concentration per vendor']""]",3,"ML Anomaly, Statistical",60.06,P3 - STANDARD REVIEW,174,HIGH,50.14,60.06,P3 - STANDARD REVIEW,2,"ML Anomaly, Statistical",Final AI risk score: 50.14 | Final AI risk level: HIGH | 2 independent risk engines detected significant risk signals. | Recorded expenditure ratio: 1.0 | Payment count: 2.0 | Unique vendors: 1.0
WS/MP818/2025-2026/160745,Uttar Pradesh,MAINPURI(DISTRICT MAGISTRATE MAINPURI_IDA),Smt Dimple Yadav,MAINPURI,Normal/Others,"Tehsil – Kishni, Block – Kishni, Mauza – Mundausi Work – 100 meters from village Devpura from primary school to Ram Prasad Shakya's house.  Abhishek Yadav – 6395534132",2024-12-22,980060.0,,,,,,980060.0,2.0,1.0,0,0,1,,,,,,,,,2.0,2025-2026,2024,12,97.68657806338544,1,0,NO_MODEL_ANOMALY,ISOLATION_FOREST_RANK,LOW,1,1,0.0,['No major rule-based risk indicators were detected.'],10,LOW,['Project expenditure is unusually high'],25,MEDIUM,"['Project expenditure is statistically high', 'Extremely high payment concentration per vendor']",1,1,1,97.68657806338544,0.0,16.129032258064516,38.46153846153847,0,0,1,2,4,45.108416466105496,5,50.11,HIGH,MEDIUM,Multi-Engine Consensus,"[""['No major rule-based risk indicators were detected.']"", ""['Project expenditure is unusually high']"", ""['Project expenditure is statistically high', 'Extremely high payment concentration per vendor']""]",3,"ML Anomaly, Statistical",60.04,P3 - STANDARD REVIEW,175,HIGH,50.11,60.04,P3 - STANDARD REVIEW,2,"ML Anomaly, Statistical",Final AI risk score: 50.11 | Final AI risk level: HIGH | 2 independent risk engines detected significant risk signals. | Payment count: 2.0 | Unique vendors: 1.0
